formulario,seccion,num,campo_origen,descripcion_original,entidad_pimsy,atributo_canonico,tratamiento,quien_aporta,observacion,requiere_decision
Parte Informativa,Parte Informativa,1,Folio,Identificador unico del parte,PARTE_INFORMATIVA,folio,Calculado / autogenerado,Sistema,El sistema genera el folio; no es la llave del modelo.,
Parte Informativa,Parte Informativa,2,Folio_IUF,Idetificador del Informe Uso de la Fuerza,USO_FUERZA,vínculo parte–informe de uso de la fuerza,Derivado de otro registro,Sistema,Se obtiene de la relación entre el parte y el informe; no se teclea.,
Parte Informativa,Parte Informativa,3,Folio_CERI,Identificador de folio de sistema de emergencias 911,EVENTO,folio_ceri,Captura propia,CERI / origen,Puede venir del reporte macro de CERI si se importa.,
Parte Informativa,Parte Informativa,4,Atendida_por_medio_de,"Conocimineto del hecho (CERI, COMUNITARIO, RECORRIDO, MONITOREO, CIUDADANO)",EVENTO,medio_conocimiento,Captura propia,CERI / origen,Dimensión distinta de tipo_origen (actividad). Mantener catálogo separado.,Sí
Parte Informativa,Parte Informativa,5,Motivo_de_intervencion,"Tipo de intervención (FALTA ADMINISTRATIVA, PRESUNTO DELITO, EMERGENCIAS)",EVENTO,clasificación de la intervención (falta / presunto delito / emergencia),Por definir,Por definir,"Podría derivarse de lo que se agregue al evento (delito, falta, emergencia) o capturarse al abrirlo.",Sí
Parte Informativa,Parte Informativa,6,Distrito_o_Agrupamiento,Tipo de distrito o agrupamiento,EVENTO,agrupamiento que atiende,Captura propia,CERI / origen,El campo mezcla distrito y agrupamiento. Separar en CAT_AGRUPAMIENTOS y distrito de ubicación.,Sí
Parte Informativa,Parte Informativa,7,Turno,"1er, 2do, 3er",EVENTO,turno,Calculado / autogenerado,Sistema,Se calcula a partir de la hora del evento.,
Parte Informativa,Parte Informativa,8,Fecha_del_evento,Fecha del evento,EVENTO,fecha_evento,Captura propia,CERI / origen,,
Parte Informativa,Parte Informativa,9,Hora_del_evento,Hora del evento,EVENTO,hora_evento,Captura propia,CERI / origen,,
Parte Informativa,Parte Informativa,10,Cruce_calle_1,Calle 1 cruce de calle del evento,UBICACION,cruce_1,Captura propia,CERI / origen,,
Parte Informativa,Parte Informativa,11,Cruce_calle_2,Calle 2 cruce de calle del evento,UBICACION,cruce_2,Captura propia,CERI / origen,,
Parte Informativa,Parte Informativa,12,Colonia,Colonia donde ocurrio el evento,UBICACION,colonia (catálogo),Captura propia,CERI / origen,El catálogo prevalece sobre la georreferencia.,
Parte Informativa,Parte Informativa,13,Distrito_evento,Distrito donde ocurrio el evento,UBICACION,distrito,Calculado / autogenerado,Sistema,Autollenado por punto en polígono.,
Parte Informativa,Parte Informativa,14,Sector_evento,Sector donde ocurrio el evento,UBICACION,sector,Calculado / autogenerado,Sistema,Autollenado por punto en polígono.,
Parte Informativa,Parte Informativa,15,Codigo_postal,Codigo postal donde ocurrio el evento,UBICACION,código postal,Captura propia,CERI / origen,,
Parte Informativa,Parte Informativa,16,Domicilio,Domicilio donde ocurrio el evento,UBICACION,calle / domicilio del evento,Captura propia,CERI / origen,,
Parte Informativa,Parte Informativa,17,Latitud,Latitud de ubicacion del evento,UBICACION,latitud,Captura propia,CERI / origen,Validada por el usuario sobre el punto de Google.,
Parte Informativa,Parte Informativa,18,Longitud,Longitud de ubicacion del evento,UBICACION,longitud,Captura propia,CERI / origen,Validada por el usuario sobre el punto de Google.,
Parte Informativa,Parte Informativa,19,Num_Elemento_R,Numero de elemento resposable de turno,AGENTE_INVOLUCRADO,rol: responsable de turno (número de empleado),Snapshot de agente (MongoDB),Coordinación,,
Parte Informativa,Parte Informativa,20,DPP_Nombre_Responsable,Nombre del elemento responsable de turno,AGENTE_INVOLUCRADO,rol: responsable de turno (nombre),Snapshot de agente (MongoDB),Coordinación,,
Parte Informativa,Parte Informativa,21,Num_Elemento_I,Numero de elemento involucrado participacion en el evento,AGENTE_INVOLUCRADO,número de empleado,Snapshot de agente (MongoDB),Coordinación,Los agentes ya registrados en el IPH no se recapturan en el parte.,
Parte Informativa,Parte Informativa,22,DPP_Nombre,Nombre de elemento involucrado participacion en el evento,AGENTE_INVOLUCRADO,nombre,Snapshot de agente (MongoDB),Coordinación,,
Parte Informativa,Parte Informativa,23,DPP_Distrito,Distrito asignado de elemento involucrado participacion en el evento,AGENTE_INVOLUCRADO,distrito,Snapshot de agente (MongoDB),Coordinación,Verificar si es el mismo concepto que el distrito del evento (observación original).,
Parte Informativa,Parte Informativa,24,DPP_Puesto,Puesto de elemento involucrado participacion en el evento,AGENTE_INVOLUCRADO,puesto,Snapshot de agente (MongoDB),Coordinación,,
Parte Informativa,Parte Informativa,25,DPP_Unidad,Unidad utilizada por el elemento involucrado participacion en el evento,AGENTE_INVOLUCRADO,unidad,Snapshot de agente (MongoDB),Coordinación,,
Parte Informativa,Parte Informativa,26,Hubo_Quejoso,,EVENTO,indicador derivado (hubo …),Calculado / autogenerado,Sistema,Pasa a indicador calculado por existencia de registros hijos. Ver estado por área (pendiente / registrado / sin novedad).,
Parte Informativa,Parte Informativa,27,DPQOV_Nombre,"Nombre del quejoso, ofendido o victima",PERSONA + PARTICIPACION,nombre (quejoso / ofendido / víctima),Captura propia,Policía,Hoy es un solo campo; separar nombre y apellidos.,
Parte Informativa,Parte Informativa,28,DPQOV_Edad,"Edad del quejoso, ofendido o victima",PERSONA + PARTICIPACION,edad al momento del evento,Captura propia,Policía,"Si se captura fecha de nacimiento, la edad se calcula.",
Parte Informativa,Parte Informativa,29,DPQOV_Sexo,"Sexo del quejoso, ofendido o victima Masculino o Femenino",PERSONA,sexo,Captura propia,Policía,,
Parte Informativa,Parte Informativa,30,DPQOV_Pais_Origen,"Pais de origen del quejoso, ofendido o victima",PERSONA,origen (país / estado / ciudad),Captura propia,Policía,Alimenta el catálogo de nacionalidad (ver derivación de atributos).,
Parte Informativa,Parte Informativa,31,DPQOV_Estado_Origen,"Estado de origen del quejoso, ofendido o victima",PERSONA,origen (país / estado / ciudad),Captura propia,Policía,Alimenta el catálogo de nacionalidad (ver derivación de atributos).,
Parte Informativa,Parte Informativa,32,DPQOV_Ciudad_Origen,"Ciudad de origen del quejoso, ofendido o victima",PERSONA,origen (país / estado / ciudad),Captura propia,Policía,Alimenta el catálogo de nacionalidad (ver derivación de atributos).,
Parte Informativa,Parte Informativa,33,DPQOV_Domicilio,"Domicilio del quejoso, ofendido o victima",PERSONA,domicilio estructurado,Captura propia,Policía,"Hoy colonia, número exterior e interior van dentro de un solo campo.",
Parte Informativa,Parte Informativa,34,DPQOV_No_Exterior,"Numero exterior del domicilio del quejoso, ofendido o victima",PERSONA,domicilio estructurado,Captura propia,Policía,"Hoy colonia, número exterior e interior van dentro de un solo campo.",
Parte Informativa,Parte Informativa,35,DPQOV_No_Interior,"Numero interio del domicilio del quejoso, ofendido o victima",PERSONA,domicilio estructurado,Captura propia,Policía,"Hoy colonia, número exterior e interior van dentro de un solo campo.",
Parte Informativa,Parte Informativa,36,Hubo_Persona_Detenidas,Define si hay personas detenidas,EVENTO,indicador derivado (hubo …),Calculado / autogenerado,Sistema,Pasa a indicador calculado por existencia de registros hijos. Ver estado por área (pendiente / registrado / sin novedad).,
Parte Informativa,Parte Informativa,37,DPD_Nombre,Nombre del detenido,PERSONA (detenido),nombre y apellidos,Referencia SIPROB,Barandilla (SIPROB),SIPROB es la fuente del detenido. En PIMSy solo se guarda referencia y un snapshot mínimo.,
Parte Informativa,Parte Informativa,38,DPD_Apellido_Paterno,Apellido Paterno del detenido,PERSONA (detenido),nombre y apellidos,Referencia SIPROB,Barandilla (SIPROB),SIPROB es la fuente del detenido. En PIMSy solo se guarda referencia y un snapshot mínimo.,
Parte Informativa,Parte Informativa,39,DPD_Materno,Apellido Materno del detenido,PERSONA (detenido),nombre y apellidos,Referencia SIPROB,Barandilla (SIPROB),SIPROB es la fuente del detenido. En PIMSy solo se guarda referencia y un snapshot mínimo.,
Parte Informativa,Parte Informativa,40,DPD_Fecha_Nacimiento,Fecha de Nacimiento del detenido,PERSONA (detenido),fecha de nacimiento,Referencia SIPROB,Barandilla (SIPROB),,
Parte Informativa,Parte Informativa,41,DPD_Edad,Edad del detenido,PERSONA (detenido),edad al momento del evento,Calculado / autogenerado,Sistema,Se calcula de la fecha de nacimiento y la del evento.,
Parte Informativa,Parte Informativa,42,DPD_Sexo,Sexo del detenido,PERSONA (detenido),sexo,Referencia SIPROB,Barandilla (SIPROB),,
Parte Informativa,Parte Informativa,43,DPD_Pais_Origen,Pais de origen del detenido,PERSONA (detenido),origen (país / estado / ciudad),Referencia SIPROB,Barandilla (SIPROB),,
Parte Informativa,Parte Informativa,44,DPD_Estado_Origen,Estado de origen del detenido,PERSONA (detenido),origen (país / estado / ciudad),Referencia SIPROB,Barandilla (SIPROB),,
Parte Informativa,Parte Informativa,45,DPD_Ciudad_Origen,Ciudad de origen del detenido,PERSONA (detenido),origen (país / estado / ciudad),Referencia SIPROB,Barandilla (SIPROB),,
Parte Informativa,Parte Informativa,46,DPD_Domicilio,Domicilio del detenido (RECOMENDAION AGREGAR CAMPO CATALOGO COLONIA ANALISIS),PERSONA (detenido),domicilio,Referencia SIPROB,Barandilla (SIPROB),La observación original sugiere agregar colonia de catálogo para análisis.,
Parte Informativa,Parte Informativa,47,DPD_SJ_Presentado_ante,"Informacion Juridica, si fue presentado a (MINISTERIO PUBLICO, FISCAL CIVICO, ENTREGA DE HECHOS, PARTE INFORMATIVO)",IPH,autoridad destino,Derivado de otro registro,Jurídico,"Se deriva del IPH al que jurídico enruta al detenido. Incluye casos ""entrega de hechos"" y ""parte informativo"".",Sí
Parte Informativa,Parte Informativa,48,DPD_SJ_Fuero,"Informacion Juridica, si es Civico, Comun o Federal",IPH,fuero,Derivado de otro registro,Jurídico,Se deriva del IPH al que jurídico enruta al detenido.,
Parte Informativa,Parte Informativa,49,DPD_AM_Se_Brinda_Atencion_Medica_Lugar,"Informacion de atencion medica, sabe si se brindo o no",DETENIDO,atención médica (se brindó / dónde / especificar),Por definir,Por definir,¿SIPROB ya la captura en el ingreso a barandilla?,Sí
Parte Informativa,Parte Informativa,50,DPD_AM_Donde_Recicbio_AM,Determina el lugar de atencion medica (HOSPITAL GENERAL U OTRO),DETENIDO,atención médica (se brindó / dónde / especificar),Por definir,Por definir,¿SIPROB ya la captura en el ingreso a barandilla?,Sí
Parte Informativa,Parte Informativa,51,DPD_AM_Especifique,Encaso de OTRO especificar lugar de atencion medica,DETENIDO,atención médica (se brindó / dónde / especificar),Por definir,Por definir,¿SIPROB ya la captura en el ingreso a barandilla?,Sí
Parte Informativa,Parte Informativa,52,Hubo_Víctima,Define si hay personas resguardadas,EVENTO,indicador derivado (hubo …),Calculado / autogenerado,Sistema,Pasa a indicador calculado por existencia de registros hijos. Ver estado por área (pendiente / registrado / sin novedad).,
Parte Informativa,Parte Informativa,53,DPV_Nombre,Nombre de la victima,PERSONA + PARTICIPACION,nombre y apellidos (víctima),Captura propia,Policía,,
Parte Informativa,Parte Informativa,54,DPV_Apellido_Paterno,Apellido paterno de la victima,PERSONA + PARTICIPACION,nombre y apellidos (víctima),Captura propia,Policía,,
Parte Informativa,Parte Informativa,55,DPV_Apellido_Materno,Apellido Materno de la victima,PERSONA + PARTICIPACION,nombre y apellidos (víctima),Captura propia,Policía,,
Parte Informativa,Parte Informativa,56,DPV_Edad,Edad de la victima,PERSONA + PARTICIPACION,edad al momento del evento,Captura propia,Policía,,
Parte Informativa,Parte Informativa,57,DPV_Sexo,Sexo de la victima,PERSONA,sexo,Captura propia,Policía,,
Parte Informativa,Parte Informativa,58,DPV_Delito,Delito de la victima,DELITO,delito asociado a la víctima,Captura propia,Policía,"Hoy el delito solo existe aquí, por víctima. Confirma la necesidad de delito a nivel evento (sin detenido).",Sí
Parte Informativa,Parte Informativa,59,DPV_Domicilio,Domicilio de la victima (RECOMENDAION AGREGAR CAMPO CATALOGO COLONIA ANALISIS),PERSONA,domicilio,Captura propia,Policía,La observación original sugiere agregar colonia de catálogo.,
Parte Informativa,Parte Informativa,60,DPV_Pais_Origen,Pais de origen de la victima,PERSONA,origen (país / estado / ciudad),Captura propia,Policía,,
Parte Informativa,Parte Informativa,61,DPV_Estado_Origen,Estado de origen de la victima,PERSONA,origen (país / estado / ciudad),Captura propia,Policía,,
Parte Informativa,Parte Informativa,62,DPV_Ciudad_Origen,Ciudad de origen de la victima,PERSONA,origen (país / estado / ciudad),Captura propia,Policía,,
Parte Informativa,Parte Informativa,63,DPV_Etnia,"Etnia a la pertenece la victima (CAT ETNIAS, OTRO)",PART_VICTIMA,etnia (catálogo / otro),Captura propia,Policía,,
Parte Informativa,Parte Informativa,64,DPV_Especifique,En caso de OTRO especificar la etnia de la victima,PART_VICTIMA,etnia (catálogo / otro),Captura propia,Policía,,
Parte Informativa,Parte Informativa,65,DPV_Requirio_Canalizacion,Define SI o NO requirio canalización la victima,PART_VICTIMA,canalización y atenciones (legal / psicológica / médica),Captura propia,Policía,Atributos específicos del rol víctima; no están definidos en la v1.0.,
Parte Informativa,Parte Informativa,66,DPV_Atencion_Legal,"En caso de SI (Canalizacion) define tipo atencion legal (MP, JUSTICIA CIVICA, TRABAJO SOCIAL, OTRO)",PART_VICTIMA,canalización y atenciones (legal / psicológica / médica),Captura propia,Policía,Atributos específicos del rol víctima; no están definidos en la v1.0.,
Parte Informativa,Parte Informativa,67,DPV_Otro_AL,En caso de OTRO atencion legal especificar atencion legal,PART_VICTIMA,canalización y atenciones (legal / psicológica / médica),Captura propia,Policía,Atributos específicos del rol víctima; no están definidos en la v1.0.,
Parte Informativa,Parte Informativa,68,DPV_Atencion_Psicologica,"En caso de SI (Canalizacion) define tipo atencion Psicologica (INSTITUCION PUBLICA, ASOCIACION CIVIL)",PART_VICTIMA,canalización y atenciones (legal / psicológica / médica),Captura propia,Policía,Atributos específicos del rol víctima; no están definidos en la v1.0.,
Parte Informativa,Parte Informativa,69,DPV_Atencion_Medica,"En caso de SI (Canalizacion) define tipo de atencion Medica (HOSPITAL GENERAL, INFANTIL, OTRO)",PART_VICTIMA,canalización y atenciones (legal / psicológica / médica),Captura propia,Policía,Atributos específicos del rol víctima; no están definidos en la v1.0.,
Parte Informativa,Parte Informativa,70,DPV_Otro_AM,En caso de OTRO atencion medica especificar el lugar u hospital,PART_VICTIMA,canalización y atenciones (legal / psicológica / médica),Captura propia,Policía,Atributos específicos del rol víctima; no están definidos en la v1.0.,
Parte Informativa,Parte Informativa,71,Hubo_Persona_Resguardadas,Define si hay personas resguardadas,EVENTO,indicador derivado (hubo …),Calculado / autogenerado,Sistema,Pasa a indicador calculado por existencia de registros hijos. Ver estado por área (pendiente / registrado / sin novedad).,
Parte Informativa,Parte Informativa,72,DPR_Nombre,Nombre de persona resguardada,PERSONA + PARTICIPACION,nombre y apellidos (resguardada),Captura propia,Policía,,
Parte Informativa,Parte Informativa,73,DPR_Apellido_Paterno,Apellido paterno de persona resguardada,PERSONA + PARTICIPACION,nombre y apellidos (resguardada),Captura propia,Policía,,
Parte Informativa,Parte Informativa,74,DPR_Apellido_Materno,Apellido Materno de persona resguardada,PERSONA + PARTICIPACION,nombre y apellidos (resguardada),Captura propia,Policía,,
Parte Informativa,Parte Informativa,75,DPR_Edad,Edad de persona resguardada,PERSONA + PARTICIPACION,edad al momento del evento,Captura propia,Policía,,
Parte Informativa,Parte Informativa,76,DPR_Sexo,Sexo de persona resguardada,PERSONA,sexo,Captura propia,Policía,,
Parte Informativa,Parte Informativa,77,DPR_Telefono,Telefono de persona resguardada,PERSONA,teléfono,Captura propia,Policía,Solo se captura aquí hoy; la observación original sugiere extenderlo a víctimas y detenidos.,
Parte Informativa,Parte Informativa,78,DPR_Ocupacion,Ocupacion de persona resguardada,PERSONA,ocupación,Captura propia,Policía,,
Parte Informativa,Parte Informativa,79,DPR_Domicilio,Domicilio de persona resguardada,PERSONA,domicilio estructurado,Captura propia,Policía,,
Parte Informativa,Parte Informativa,80,DPR_No_Exterior,Numero exterior de domicilio de persona resguardada,PERSONA,domicilio estructurado,Captura propia,Policía,,
Parte Informativa,Parte Informativa,81,DPR_No_Interior,Numero interior de persona resguardada,PERSONA,domicilio estructurado,Captura propia,Policía,,
Parte Informativa,Parte Informativa,82,DPR_Colonia,Colonia de persona resguardada,PERSONA,domicilio estructurado,Captura propia,Policía,,
Parte Informativa,Parte Informativa,83,DPR_Motivo,Tipo de incidente del motivo de resguardo,RESGUARDO,motivo y lugar de resguardo,Captura propia,Policía,,
Parte Informativa,Parte Informativa,84,DPR_Intitucion,"Lugar de resguardo (TRABAJO SOCIAL, DEVIFG, INSTITUCION MEDICA U OTRO)",RESGUARDO,motivo y lugar de resguardo,Captura propia,Policía,,
Parte Informativa,Parte Informativa,85,DPR_Especifique_Institucion,,RESGUARDO,motivo y lugar de resguardo,Captura propia,Policía,,
Parte Informativa,Parte Informativa,86,Hubo_Aseguramiento_Armas,Define si hay armas aseguradas,EVENTO,indicador derivado (hubo …),Calculado / autogenerado,Sistema,Pasa a indicador calculado por existencia de registros hijos. Ver estado por área (pendiente / registrado / sin novedad).,
Parte Informativa,Parte Informativa,87,AA_Clasificacion_del_Arma,"Clasificacion de Arma (FUEGO, BLANCA, EXPLOSIVA U OTRO OBJETO)",ARMA,clasificación (fuego / blanca / explosiva / otro),Captura propia,Jurídico / apoyo IPH,El IPH usa solo corta/larga. Unificar catálogos.,Sí
Parte Informativa,Parte Informativa,88,AA_Tipo_de_Arma,"Tipo de Arma (CORTA, LARGA, CARGADOR, CARTUCHOS; NAVAJA, CUCHILLO, GRANADA, POLVORA)",ARMA,tipo (corta / larga / cargador / cartuchos / navaja…),Captura propia,Jurídico / apoyo IPH,Mezcla subtipo y accesorios. Unificar con catálogo del IPH.,Sí
Parte Informativa,Parte Informativa,89,AA_Nombre_Arma,"Subtipo de Arma (REVOLVER, PISTOLA, RIFLE, FUSIL, CARABINA, SUBAMETRALLADORA, PIROTECNIA, EXPLOSIVO ARTESANAL, GRANADA FRACMENTACION)",ARMA,"nombre (revólver, pistola, rifle…)",Captura propia,Jurídico / apoyo IPH,,
Parte Informativa,Parte Informativa,90,AA_Calibre,"Calibre del arma [Solo clasificacion FUEGO] (.22, 9mm, .380)",ARMA,calibre (solo fuego),Captura propia,Jurídico / apoyo IPH,Nulo para armas blancas.,
Parte Informativa,Parte Informativa,91,AA_Cantidad,Cantidad de armas aseguradas,ARMA,cantidad,Captura propia,Jurídico / apoyo IPH,El IPH inventaría arma por arma; el parte por cantidad. Decidir granularidad.,Sí
Parte Informativa,Parte Informativa,92,AA_Descripcion,Descripcion de armas aseguradas,ARMA,descripción,Captura propia,Jurídico / apoyo IPH,,
Parte Informativa,Parte Informativa,93,Hubo_Aseguramiento_de_Sustancias,Define si hay sustancias aseguradas,EVENTO,indicador derivado (hubo …),Calculado / autogenerado,Sistema,Pasa a indicador calculado por existencia de registros hijos. Ver estado por área (pendiente / registrado / sin novedad).,
Parte Informativa,Parte Informativa,94,AS_Sustancia,"Tipo de sustancia (COCAINA, CRISTAL, FENTANILO, EXTASIS)",SUSTANCIA,tipo de sustancia,Captura propia,Jurídico / apoyo IPH,El IPH usa otra clasificación (narcótico / hidrocarburo / numerario / otro).,Sí
Parte Informativa,Parte Informativa,95,AS_Peso,Unidad de media del peso (KILOGRAMOS O GRAMOS),SUSTANCIA,unidad de peso,Captura propia,Jurídico / apoyo IPH,,
Parte Informativa,Parte Informativa,96,AS_Cantidad,Cantidad de sustancia asegurada en unidad de medida seleccionada,SUSTANCIA,cantidad en la unidad elegida,Captura propia,Jurídico / apoyo IPH,La vista guarda además gramos y kilos: se calculan.,
Parte Informativa,Parte Informativa,97,AS_Unidad_de_Presentacion,"Unidad de presentacion de sustancia (ENVOLTORIOS, DULCES, DOSIS, PASTILLAS)",SUSTANCIA,"unidad de presentación (envoltorios, dosis…)",Captura propia,Jurídico / apoyo IPH,,
Parte Informativa,Parte Informativa,98,AS_Cantidad_Presentacion,Cantidad de presentacion,SUSTANCIA,cantidad de presentación,Captura propia,Jurídico / apoyo IPH,,
Parte Informativa,Parte Informativa,99,sector_evento,Define si hay aseguramiento de objetos,ASEGURAMIENTO,indicador derivado (hubo aseguramiento de objetos),Calculado / autogenerado,Sistema,"Campo mal nombrado en el análisis original (aparece como ""sector_evento""). Su descripción es ""hubo aseguramiento de objetos"".",Sí
Parte Informativa,Parte Informativa,100,AO_Tipo_de_Objeto,"Tipo de objeto asegurado (ALCOHOL, ALIMENTOS, ANIMALES DOMESTICOS, ANIMALES SALVAJES, DINERO)",OBJETO,tipo de objeto,Captura propia,Jurídico / apoyo IPH,Incluye DINERO como tipo; el IPH lo clasifica como sustancia (numerario).,Sí
Parte Informativa,Parte Informativa,101,AO_Unidad_Medida,"Unidad de medida del objeto (PIEZA, LITROS, KILOGRAMOS, PESOS, DOLARES)",OBJETO,unidad de medida,Captura propia,Jurídico / apoyo IPH,,
Parte Informativa,Parte Informativa,102,AO_Cantidad,Cantidad en unidad de medida de objetos asegurados,OBJETO,cantidad,Captura propia,Jurídico / apoyo IPH,,
Parte Informativa,Parte Informativa,103,Hubo_Aseguramiento_de_Vehiculos,Define si hay aseguramiento de vehiculos,EVENTO,indicador derivado (hubo …),Calculado / autogenerado,Sistema,Pasa a indicador calculado por existencia de registros hijos. Ver estado por área (pendiente / registrado / sin novedad).,
Parte Informativa,Parte Informativa,104,AV_Tipo_de_Vehiculo,"Tipo de vehiculo (SEDAN, PICK UP, SUV, MOTOCICLETA)",VEHICULO,tipo de vehículo,Captura propia,Jurídico / apoyo IPH,,
Parte Informativa,Parte Informativa,105,AV_Marca,Marca del vehiculo,VEHICULO,marca,Captura propia,Jurídico / apoyo IPH,Misma información que el anexo de inspección de vehículo del IPH.,
Parte Informativa,Parte Informativa,106,AV_Submarca,Submarca del vehiculo,VEHICULO,submarca,Captura propia,Jurídico / apoyo IPH,,
Parte Informativa,Parte Informativa,107,AV_Modelo,Modelo del vehiculo,VEHICULO,modelo,Captura propia,Jurídico / apoyo IPH,,
Parte Informativa,Parte Informativa,108,AV_Tiene_Serie,Define si el vehiculo cuenta con numero de serie visible,VEHICULO,indicador tiene serie / placa,Calculado / autogenerado,Sistema,Se deduce de si el campo de serie o placa tiene valor.,
Parte Informativa,Parte Informativa,109,AV_Serie,Numero de serie del vehiculo,VEHICULO,número de serie,Captura propia,Jurídico / apoyo IPH,,
Parte Informativa,Parte Informativa,110,AV_Tiene_Placa,Define si el vehiculo cuenta con numero de placa,VEHICULO,indicador tiene serie / placa,Calculado / autogenerado,Sistema,Se deduce de si el campo de serie o placa tiene valor.,
Parte Informativa,Parte Informativa,111,AV_Placa,Numero de Placa del Vehiculo,VEHICULO,placas,Captura propia,Jurídico / apoyo IPH,,
Parte Informativa,Parte Informativa,112,AV_Entidad_Emplacado,Estado de la republica de la placa vehicular,VEHICULO,entidad de emplacado,Captura propia,Jurídico / apoyo IPH,,
Parte Informativa,Parte Informativa,113,AV_Motivo_de_Aseguramiento,"Motivo del asegurameinto del vehiculo (ABANDONO, INVOLUCRADO EN DELITOS, REPORTE DE ROBO)",VEHICULO,motivo de aseguramiento,Captura propia,Jurídico / apoyo IPH,"Distingue abandono, involucrado en delito y reporte de robo (este último se parece a ""situación"" del IPH).",
Parte Informativa,Parte Informativa,114,AV_Lugar_de_Deposito,Lugar de desposito del vehiculo (CORRALON DEL 1 AL 5 U OTRO),VEHICULO,lugar de depósito,Captura propia,Jurídico / apoyo IPH,Equivale al destino del vehículo en el IPH.,
Parte Informativa,Parte Informativa,115,AV_Descripcion_del_Vehiculo,Descripcion del vehiculo,VEHICULO,descripción,Captura propia,Jurídico / apoyo IPH,,
Parte Informativa,Parte Informativa,116,AV_Color,Color del vehiculo,VEHICULO,color,Captura propia,Jurídico / apoyo IPH,,
Parte Informativa,Parte Informativa,117,Narrativa,"Descripcion de los hechos modo tiempo y lugar (QUE, QUIEN, COMO, CUANDO, DONDE)",EVENTO,narrativa,Captura propia,Policía,Vive en el evento; el IPH solo agrega la suya cuando hay más de un IPH.,
Parte Informativa,Parte Informativa,118,Hizo_uso_de_la_fuerza,Define si se uso la fuerza (Existe ptro informe de uso de la fuerza),USO_FUERZA,declaración de uso de la fuerza,Captura propia,Policía,Declaración que no se puede inferir; dispara el informe de uso de la fuerza.,
IPH Delitos,,,no_referencia,,IPH,folio de referencia,Captura propia,Jurídico,,
IPH Delitos,,,no_folio_sistema,,IPH,folio de sistema,Calculado / autogenerado,Sistema,,
IPH Delitos,,,no_remision,,IPH,número de remisión,Captura propia,Jurídico,Solo en IPH Delitos.,
IPH Delitos,SECC. 1 PUESTA DISPOSICION,,PD_fecha,,IPH,fecha de puesta a disposición,Captura propia,Jurídico,,
IPH Delitos,SECC. 1 PUESTA DISPOSICION,,PD_hora,,IPH,hora de puesta a disposición,Captura propia,Jurídico,,
IPH Delitos,SECC. 1 PUESTA DISPOSICION,,PD_no_expediente,,IPH,número de expediente,Captura propia,Jurídico,,
IPH Delitos,SECC. 1 PUESTA DISPOSICION,,PD_anexoa_detencion(es),Define SI / NO existe anexo,IPH,lista de anexos que acompañan,Calculado / autogenerado,Sistema,"Se deriva de si existen detenidos, vehículos, bienes o uso de la fuerza registrados.",
IPH Delitos,SECC. 1 PUESTA DISPOSICION,,PD_anexob_uso_fuerza,Define SI / NO existe anexo,IPH,lista de anexos que acompañan,Calculado / autogenerado,Sistema,"Se deriva de si existen detenidos, vehículos, bienes o uso de la fuerza registrados.",
IPH Delitos,SECC. 1 PUESTA DISPOSICION,,PD_anexoc_inspeccion_veh,Define SI / NO existe anexo,IPH,lista de anexos que acompañan,Calculado / autogenerado,Sistema,"Se deriva de si existen detenidos, vehículos, bienes o uso de la fuerza registrados.",
IPH Delitos,SECC. 1 PUESTA DISPOSICION,,PD_anexod_inventario_armas_objetos,Define SI / NO existe anexo,IPH,lista de anexos que acompañan,Calculado / autogenerado,Sistema,"Se deriva de si existen detenidos, vehículos, bienes o uso de la fuerza registrados.",
IPH Delitos,SECC. 1 PUESTA DISPOSICION,,PD_anexoe_entrevistas,Define SI / NO existe anexo,IPH,lista de anexos que acompañan,Calculado / autogenerado,Sistema,"Se deriva de si existen detenidos, vehículos, bienes o uso de la fuerza registrados.",
IPH Delitos,SECC. 1 PUESTA DISPOSICION,,PD_anexof_entrega_recepción,Define SI / NO existe anexo,IPH,lista de anexos que acompañan,Calculado / autogenerado,Sistema,"Se deriva de si existen detenidos, vehículos, bienes o uso de la fuerza registrados.",
IPH Delitos,SECC. 1 PUESTA DISPOSICION,,PD_anexog_continuacion_narrativa,Define SI / NO existe anexo,IPH,lista de anexos que acompañan,Calculado / autogenerado,Sistema,"Se deriva de si existen detenidos, vehículos, bienes o uso de la fuerza registrados.",
IPH Delitos,SECC. 1 PUESTA DISPOSICION,,PD_no_se_entregan_anexos,En caso de no existir ningun anexo,IPH,lista de anexos que acompañan,Calculado / autogenerado,Sistema,"Se deriva de si existen detenidos, vehículos, bienes o uso de la fuerza registrados.",
IPH Delitos,SECC. 1 PUESTA DISPOSICION,,PD_documentacion_complementaria,"Define SI / NO existe documentacion complementaria, en caso de existir se señala",ADJUNTOS,"documentación complementaria (fotos, audio, video, certificado médico)",Fuera de v1,Jurídico,Evidencias y adjuntos quedan para otra etapa. ¿La marca se captura a mano mientras tanto?,Sí
IPH Delitos,SECC. 1 PUESTA DISPOSICION,,PD_dc_fotografia,Define si la documentacion es fotografia,ADJUNTOS,"documentación complementaria (fotos, audio, video, certificado médico)",Fuera de v1,Jurídico,Evidencias y adjuntos quedan para otra etapa. ¿La marca se captura a mano mientras tanto?,Sí
IPH Delitos,SECC. 1 PUESTA DISPOSICION,,PD_dc_audio,Define si la documentacion es audio,ADJUNTOS,"documentación complementaria (fotos, audio, video, certificado médico)",Fuera de v1,Jurídico,Evidencias y adjuntos quedan para otra etapa. ¿La marca se captura a mano mientras tanto?,Sí
IPH Delitos,SECC. 1 PUESTA DISPOSICION,,PD_dc_video,Define si la documentacion es video,ADJUNTOS,"documentación complementaria (fotos, audio, video, certificado médico)",Fuera de v1,Jurídico,Evidencias y adjuntos quedan para otra etapa. ¿La marca se captura a mano mientras tanto?,Sí
IPH Delitos,SECC. 1 PUESTA DISPOSICION,,PD_dc_certificado_medico,Define si la documentacion es certificado medico,ADJUNTOS,"documentación complementaria (fotos, audio, video, certificado médico)",Fuera de v1,Jurídico,Evidencias y adjuntos quedan para otra etapa. ¿La marca se captura a mano mientras tanto?,Sí
IPH Delitos,SECC. 1 PUESTA DISPOSICION,,PD_dc_otro,Define si existe otro tipo de documentacion no especificada,ADJUNTOS,"documentación complementaria (fotos, audio, video, certificado médico)",Fuera de v1,Jurídico,Evidencias y adjuntos quedan para otra etapa. ¿La marca se captura a mano mientras tanto?,Sí
IPH Delitos,SECC. 1 PUESTA DISPOSICION,,PD_dc_otro_cual,Se describe que documentacion no especificada es la que se agrega,ADJUNTOS,"documentación complementaria (fotos, audio, video, certificado médico)",Fuera de v1,Jurídico,Evidencias y adjuntos quedan para otra etapa. ¿La marca se captura a mano mientras tanto?,Sí
IPH Delitos,SECC. 1 PUESTA DISPOSICION,,PD_no_emplado_busqueda,Numero de empleado del elemento realizo la puesta a disposicion,AGENTE_INVOLUCRADO,rol: realiza la puesta a disposición,Snapshot de agente (MongoDB),Coordinación,Se selecciona del agente ya agregado al evento; no se recapturan datos.,
IPH Delitos,SECC. 1 PUESTA DISPOSICION,,PD_nombre_empleado_realizo,Nombre de elemento realizo la puesta a disposicion,AGENTE_INVOLUCRADO,rol: realiza la puesta a disposición,Snapshot de agente (MongoDB),Coordinación,Se selecciona del agente ya agregado al evento; no se recapturan datos.,
IPH Delitos,SECC. 1 PUESTA DISPOSICION,,PD_ap_empleado_realizo,Apellido paterno de elemento realizo la puesta a disposicion,AGENTE_INVOLUCRADO,rol: realiza la puesta a disposición,Snapshot de agente (MongoDB),Coordinación,Se selecciona del agente ya agregado al evento; no se recapturan datos.,
IPH Delitos,SECC. 1 PUESTA DISPOSICION,,PD_am_empleado_realizo,Apellido materno de elemento realizo la puesta a disposicion,AGENTE_INVOLUCRADO,rol: realiza la puesta a disposición,Snapshot de agente (MongoDB),Coordinación,Se selecciona del agente ya agregado al evento; no se recapturan datos.,
IPH Delitos,SECC. 1 PUESTA DISPOSICION,,PD_cargo_empleado_realizo,Cargo del elemento realizo la puesta a disposicion,AGENTE_INVOLUCRADO,rol: realiza la puesta a disposición,Snapshot de agente (MongoDB),Coordinación,Se selecciona del agente ya agregado al evento; no se recapturan datos.,
IPH Delitos,SECC. 1 PUESTA DISPOSICION,,PD_adscripcion_empleado_realizo,Adscripcion del elemento realizo la puesta a disposicion,AGENTE_INVOLUCRADO,rol: realiza la puesta a disposición,Snapshot de agente (MongoDB),Coordinación,Se selecciona del agente ya agregado al evento; no se recapturan datos.,
IPH Delitos,SECC. 1 PUESTA DISPOSICION,,PD_fiscal_ap,Apellido paterno de fiscal recibe la puesta a disposicion,AUTORIDAD_RECEPTORA,fiscal que recibe (nombre / cargo / adscripción),Captura propia,Jurídico,Persona concreta que recibe. La v1.0 solo modela la autoridad como catálogo.,Sí
IPH Delitos,SECC. 1 PUESTA DISPOSICION,,PD_fiscal_am,Apellido materno de fiscal recibe la puesta a disposicion,AUTORIDAD_RECEPTORA,fiscal que recibe (nombre / cargo / adscripción),Captura propia,Jurídico,Persona concreta que recibe. La v1.0 solo modela la autoridad como catálogo.,Sí
IPH Delitos,SECC. 1 PUESTA DISPOSICION,,PD_fiscal_nombre,Nombre fiscal recibe la puesta a disposicion,AUTORIDAD_RECEPTORA,fiscal que recibe (nombre / cargo / adscripción),Captura propia,Jurídico,Persona concreta que recibe. La v1.0 solo modela la autoridad como catálogo.,Sí
IPH Delitos,SECC. 1 PUESTA DISPOSICION,,PD_fiscal_adscripcion,Adscripcion de fiscal recibe la puesta a disposicion,AUTORIDAD_RECEPTORA,fiscal que recibe (nombre / cargo / adscripción),Captura propia,Jurídico,Persona concreta que recibe. La v1.0 solo modela la autoridad como catálogo.,Sí
IPH Delitos,SECC. 1 PUESTA DISPOSICION,,PD_fiscal_cargo,Cargo de fiscal recibe la puesta a disposicion,AUTORIDAD_RECEPTORA,fiscal que recibe (nombre / cargo / adscripción),Captura propia,Jurídico,Persona concreta que recibe. La v1.0 solo modela la autoridad como catálogo.,Sí
IPH Delitos,SECC. 2 PRIMER RESPONDIENTE,,PR_no_emplado_busqueda,Numero de empleado del elemento que es el primer respondiente,AGENTE_INVOLUCRADO,rol: primer respondiente,Snapshot de agente (MongoDB),Coordinación,Se selecciona del agente ya agregado al evento.,
IPH Delitos,SECC. 2 PRIMER RESPONDIENTE,,PR_nombre_empleado_realizo,Nombre del elemento que es primer respondiente,AGENTE_INVOLUCRADO,rol: primer respondiente,Snapshot de agente (MongoDB),Coordinación,Se selecciona del agente ya agregado al evento.,
IPH Delitos,SECC. 2 PRIMER RESPONDIENTE,,PR_ap_empleado_realizo,Apellido paterno de elemento que es primer respondiente,AGENTE_INVOLUCRADO,rol: primer respondiente,Snapshot de agente (MongoDB),Coordinación,Se selecciona del agente ya agregado al evento.,
IPH Delitos,SECC. 2 PRIMER RESPONDIENTE,,PR_am_empleado_realizo,Apellido materno de elemento que es primer respondiente,AGENTE_INVOLUCRADO,rol: primer respondiente,Snapshot de agente (MongoDB),Coordinación,Se selecciona del agente ya agregado al evento.,
IPH Delitos,SECC. 2 PRIMER RESPONDIENTE,,PR_institucion_pertenece,Seleccion de la institucion a la que pertenece el primer respondiente,AGENTE_INVOLUCRADO,rol: primer respondiente,Snapshot de agente (MongoDB),Coordinación,Se selecciona del agente ya agregado al evento.,
IPH Delitos,SECC. 2 PRIMER RESPONDIENTE,,PR_cargo_empleado,Cargo de elemento que es primer respondiente,AGENTE_INVOLUCRADO,rol: primer respondiente,Snapshot de agente (MongoDB),Coordinación,Se selecciona del agente ya agregado al evento.,
IPH Delitos,SECC. 2 PRIMER RESPONDIENTE,,PR_unidad_arribo,Numero asignado al vehiculo en el que llego el primer respondiente,AGENTE_INVOLUCRADO,rol: primer respondiente,Snapshot de agente (MongoDB),Coordinación,Se selecciona del agente ya agregado al evento.,
IPH Delitos,SECC. 2 PRIMER RESPONDIENTE,,PR_arribo_mas_elementos,Define si en la unidad van mas de un elemento,AGENTE_INVOLUCRADO,elementos que arribaron en la unidad,Calculado / autogenerado,Sistema,Se cuenta de los agentes con la misma unidad.,
IPH Delitos,SECC. 2 PRIMER RESPONDIENTE,,PR_arribo_cuantos,Cantidad de elementos que arribaron,AGENTE_INVOLUCRADO,elementos que arribaron en la unidad,Calculado / autogenerado,Sistema,Se cuenta de los agentes con la misma unidad.,
IPH Delitos,SECC. 3 CONOCIMIENTO DEL HECHO,,CH_entero_hecho,"Se entero del hecho por denuncia, flagrancia, llamada, etc",EVENTO,medio_conocimiento,Derivado de otro registro,CERI / origen,"Mismo dato que ""Atendida por medio de"" del parte.",
IPH Delitos,SECC. 3 CONOCIMIENTO DEL HECHO,,CH_fecha,Fecha del conocimiento del hecho,EVENTO,fecha y hora de conocimiento del hecho,Por definir,CERI / origen,Vienen de CERI (hora de llamada) o se capturan. Define cálculo de tiempos de respuesta.,Sí
IPH Delitos,SECC. 3 CONOCIMIENTO DEL HECHO,,CH_hora,Hora del conocimiento del hecho,EVENTO,fecha y hora de conocimiento del hecho,Por definir,CERI / origen,Vienen de CERI (hora de llamada) o se capturan. Define cálculo de tiempos de respuesta.,Sí
IPH Delitos,SECC. 3 CONOCIMIENTO DEL HECHO,,CH_fecha_arribo,Fecha del arribo al lugar de los hechos,EVENTO,fecha y hora de arribo,Por definir,Policía,Hoy no existe en el modelo. Presente en el reporte de CERI como hora de arribo.,Sí
IPH Delitos,SECC. 3 CONOCIMIENTO DEL HECHO,,CH_hora_arribo,Hora del arribo al lugar de los hechos,EVENTO,fecha y hora de arribo,Por definir,Policía,Hoy no existe en el modelo. Presente en el reporte de CERI como hora de arribo.,Sí
IPH Delitos,SECC. 4 LUGAR DE INTERVENCION,,LI_calle_carretera,Calle o carretera del lugar de la  intervecion,UBICACION,ubicación del evento,Derivado de otro registro,CERI / origen,El IPH reutiliza la ubicación del evento; no se recaptura.,
IPH Delitos,SECC. 4 LUGAR DE INTERVENCION,,LI_no_ext,"Si aplica, numero exterior de domicilio de la intervencion",UBICACION,ubicación del evento,Derivado de otro registro,CERI / origen,El IPH reutiliza la ubicación del evento; no se recaptura.,
IPH Delitos,SECC. 4 LUGAR DE INTERVENCION,,LI_no_int,"Si aplica, numero interior de domicilio  de la intervencion",UBICACION,ubicación del evento,Derivado de otro registro,CERI / origen,El IPH reutiliza la ubicación del evento; no se recaptura.,
IPH Delitos,SECC. 4 LUGAR DE INTERVENCION,,LI_colonia,Colonia o localidad del lugar  de la intervencion,UBICACION,ubicación del evento,Derivado de otro registro,CERI / origen,El IPH reutiliza la ubicación del evento; no se recaptura.,
IPH Delitos,SECC. 4 LUGAR DE INTERVENCION,,LI_municipio,Municipio del lugar  de la intervencion,UBICACION,ubicación del evento,Derivado de otro registro,CERI / origen,El IPH reutiliza la ubicación del evento; no se recaptura.,
IPH Delitos,SECC. 4 LUGAR DE INTERVENCION,,LI_entidad,Entidad  de la intervencion,UBICACION,ubicación del evento,Derivado de otro registro,CERI / origen,El IPH reutiliza la ubicación del evento; no se recaptura.,
IPH Delitos,SECC. 4 LUGAR DE INTERVENCION,,LI_referencia,Datos de referencia que ayuden a ubicar el lugar  de la intervencion,UBICACION,ubicación del evento,Derivado de otro registro,CERI / origen,El IPH reutiliza la ubicación del evento; no se recaptura.,
IPH Delitos,SECC. 4 LUGAR DE INTERVENCION,,LI_lat,Datos de la latitud del lugar  de la intervencion,UBICACION,ubicación del evento,Derivado de otro registro,CERI / origen,El IPH reutiliza la ubicación del evento; no se recaptura.,
IPH Delitos,SECC. 4 LUGAR DE INTERVENCION,,LI_long,Datos de la longitud del lugar  de la intervencion,UBICACION,ubicación del evento,Derivado de otro registro,CERI / origen,El IPH reutiliza la ubicación del evento; no se recaptura.,
IPH Delitos,SECC. 4 LUGAR DE INTERVENCION,,LI_url_maps,URL al seleccionar la ubicacion en el mapa  de la intervencion,UBICACION,URL del mapa,Calculado / autogenerado,Sistema,,
IPH Delitos,SECC. 4 LUGAR DE INTERVENCION,,LI_inspeccion,Dato para indicar si se realiza la inspeccion del lugar (Si / No),IPH,"inspección, preservación y riesgo del lugar",Captura propia,Policía,No está en el modelo v1.0. Decidir si es atributo del IPH o del evento.,Sí
IPH Delitos,SECC. 4 LUGAR DE INTERVENCION,,LI_inspeccion_positiva,Dato para indicar si se localiza objeto relacionado a los hechos  (Si / No),IPH,"inspección, preservación y riesgo del lugar",Captura propia,Policía,No está en el modelo v1.0. Decidir si es atributo del IPH o del evento.,Sí
IPH Delitos,SECC. 4 LUGAR DE INTERVENCION,,LI_preservacion,Dato para indicar si se preservo el lugar de la intervencion  (Si / No),IPH,"inspección, preservación y riesgo del lugar",Captura propia,Policía,No está en el modelo v1.0. Decidir si es atributo del IPH o del evento.,Sí
IPH Delitos,SECC. 4 LUGAR DE INTERVENCION,,LI_priorizacion,Dato para indicar si se llevo a cabo la priorizacion del lugar de la intervencion  (Si / No),IPH,"inspección, preservación y riesgo del lugar",Captura propia,Policía,No está en el modelo v1.0. Decidir si es atributo del IPH o del evento.,Sí
IPH Delitos,SECC. 4 LUGAR DE INTERVENCION,,LI_riesgo,Se indica el tipo de riesgo presentado (Sociales / Naturales),IPH,"inspección, preservación y riesgo del lugar",Captura propia,Policía,No está en el modelo v1.0. Decidir si es atributo del IPH o del evento.,Sí
IPH Delitos,SECC. 4 LUGAR DE INTERVENCION,,LI_riesgo_especificar,Campo abierto para especificar el riesgo ya sea social o natural,IPH,"inspección, preservación y riesgo del lugar",Captura propia,Policía,No está en el modelo v1.0. Decidir si es atributo del IPH o del evento.,Sí
IPH Delitos,SECC. 5 NARRATIVA DE LOS HECHOS,,NH_CH_no_delito,Numero consecutivo asignado al numero de delitos que se agreguen,DELITO,consecutivo,Calculado / autogenerado,Sistema,,
IPH Delitos,SECC. 5 NARRATIVA DE LOS HECHOS,,NH_CH_delito,Delito que se agrega al IPH,DELITO,delito / subdelito / violencia / modalidad,Captura propia,Jurídico,En el IPH van a nivel documento. En PIMSy cuelgan del detenido (y quizá del evento).,Sí
IPH Delitos,SECC. 5 NARRATIVA DE LOS HECHOS,,NH_CH_subdelito,Subdelito que se agrega al IPH,DELITO,delito / subdelito / violencia / modalidad,Captura propia,Jurídico,En el IPH van a nivel documento. En PIMSy cuelgan del detenido (y quizá del evento).,Sí
IPH Delitos,SECC. 5 NARRATIVA DE LOS HECHOS,,NH_CH_violencia,Dato que indica si hubo violencia o no (Si / No),DELITO,delito / subdelito / violencia / modalidad,Captura propia,Jurídico,En el IPH van a nivel documento. En PIMSy cuelgan del detenido (y quizá del evento).,Sí
IPH Delitos,SECC. 5 NARRATIVA DE LOS HECHOS,,NH_CH_modalidad,"Dato que indica la modalidad del delito (Con arma blanca, Con arma de fuego, Otro elemento, Accidente transito)",DELITO,delito / subdelito / violencia / modalidad,Captura propia,Jurídico,En el IPH van a nivel documento. En PIMSy cuelgan del detenido (y quizá del evento).,Sí
IPH Delitos,SECC. 5 NARRATIVA DE LOS HECHOS,,NH_narrativa,Relato cronológicamente de las acciones realizadas durante su intervención desde el conocimiento del hecho hasta la puesta a disposición,EVENTO,narrativa (IPH aporta la suya solo si hay más de un IPH),Derivado de otro registro,Policía,Se reutiliza la narrativa del evento.,
IPH Delitos,SECC.ANEXO A (PERSONA DETENIDA),,AA_detenido,,DETENIDO,marcador de bloque,Calculado / autogenerado,Sistema,,
IPH Delitos,SECC.ANEXO A (PERSONA DETENIDA),,AA_rnd,Identificador unico del Registro Nacional de Detenidos,DETENIDO,identificador del Registro Nacional de Detenidos,Referencia SIPROB,Barandilla (SIPROB),Confirmar que SIPROB lo captura.,Sí
IPH Delitos,SECC.ANEXO A (PERSONA DETENIDA),,AA_fecha_detencion,Fecha de la detencion,DETENIDO,fecha y hora de detención,Referencia SIPROB,Barandilla (SIPROB),,
IPH Delitos,SECC.ANEXO A (PERSONA DETENIDA),,AA_hora_detencion,Hora de la detencion,DETENIDO,fecha y hora de detención,Referencia SIPROB,Barandilla (SIPROB),,
IPH Delitos,SECC.ANEXO A (PERSONA DETENIDA),,AA_ap_detenido,Apellido paterno del detenido,PERSONA (detenido),"nombre, apellidos y alias",Referencia SIPROB,Barandilla (SIPROB),,
IPH Delitos,SECC.ANEXO A (PERSONA DETENIDA),,AA_am_detenido,Apellido materno del detenido,PERSONA (detenido),"nombre, apellidos y alias",Referencia SIPROB,Barandilla (SIPROB),,
IPH Delitos,SECC.ANEXO A (PERSONA DETENIDA),,AA_nombre_detenido,Nombre del detenido,PERSONA (detenido),"nombre, apellidos y alias",Referencia SIPROB,Barandilla (SIPROB),,
IPH Delitos,SECC.ANEXO A (PERSONA DETENIDA),,AA_alias_detenido,Alias del detenido en caso de contar con ello,PERSONA (detenido),"nombre, apellidos y alias",Referencia SIPROB,Barandilla (SIPROB),,
IPH Delitos,SECC.ANEXO A (PERSONA DETENIDA),,AA_no_aplica,? (probablmente seria que no cuenta con alias),DETENIDO,campo sin descripción clara,Por definir,Por definir,"La descripción original duda de su propósito (probable ""sin alias"").",Sí
IPH Delitos,SECC.ANEXO A (PERSONA DETENIDA),,AA_nacionalidad_detenido,Identifica si el detenido es Mexicano o Extranjero,PERSONA (detenido),nacionalidad,Referencia SIPROB,Barandilla (SIPROB),"Ejemplo de derivación: nacionalidad alimenta ""extranjero"" del IPH y ""país de origen"" del parte.",
IPH Delitos,SECC.ANEXO A (PERSONA DETENIDA),,AA_lugar_nacionalidad_detenido,Se especifica la nacionalidad del detenido en caso de ser extranjero,PERSONA (detenido),nacionalidad,Referencia SIPROB,Barandilla (SIPROB),"Ejemplo de derivación: nacionalidad alimenta ""extranjero"" del IPH y ""país de origen"" del parte.",
IPH Delitos,SECC.ANEXO A (PERSONA DETENIDA),,AA_sexo_detenido,Identifica si es Hombre o Mujer,PERSONA (detenido),sexo y fecha de nacimiento,Referencia SIPROB,Barandilla (SIPROB),,
IPH Delitos,SECC.ANEXO A (PERSONA DETENIDA),,AA_fnac_detenido,Fecha de nacimiento del detenido,PERSONA (detenido),sexo y fecha de nacimiento,Referencia SIPROB,Barandilla (SIPROB),,
IPH Delitos,SECC.ANEXO A (PERSONA DETENIDA),,AA_edad_detenido,Edad del detenido,PERSONA (detenido),edad al momento del evento,Calculado / autogenerado,Sistema,,
IPH Delitos,SECC.ANEXO A (PERSONA DETENIDA),,AA_identificacion_detenido,"Dato para indicar tipo de documento con el que se identifico (INE, Licencia, Pasaporte, Otro)",PERSONA (detenido),documento de identificación,Referencia SIPROB,Barandilla (SIPROB),,
IPH Delitos,SECC.ANEXO A (PERSONA DETENIDA),,AA_identificacion_otro_detenido,Dato para ingresar otro tipo de documento con el que se haya identificado no previsto en el campo AA_identificacion_detenido,PERSONA (detenido),documento de identificación,Referencia SIPROB,Barandilla (SIPROB),,
IPH Delitos,SECC.ANEXO A (PERSONA DETENIDA),,AA_no_identificacion_detenido,Dato para ingresar el numero de identificacion proporcionado,PERSONA (detenido),documento de identificación,Referencia SIPROB,Barandilla (SIPROB),,
IPH Delitos,SECC.ANEXO A (PERSONA DETENIDA),,AA_domicilio_calle_carretera_detenido,Calle o carretera del domicilio del detenido,PERSONA (detenido),domicilio,Referencia SIPROB,Barandilla (SIPROB),,
IPH Delitos,SECC.ANEXO A (PERSONA DETENIDA),,AA_domicilio_no_ext_detenido,"Si aplica, numero exterior del domicilio del detenido",PERSONA (detenido),domicilio,Referencia SIPROB,Barandilla (SIPROB),,
IPH Delitos,SECC.ANEXO A (PERSONA DETENIDA),,AA_domicilio_no_int_detenido,"Si aplica, numero interior del domicilio del detenido",PERSONA (detenido),domicilio,Referencia SIPROB,Barandilla (SIPROB),,
IPH Delitos,SECC.ANEXO A (PERSONA DETENIDA),,AA_domicilio_cp_detenido,Codigo postal del domicilio del detenido,PERSONA (detenido),domicilio,Referencia SIPROB,Barandilla (SIPROB),,
IPH Delitos,SECC.ANEXO A (PERSONA DETENIDA),,AA_domicilio_colonia_detenido,Colonia o localidad del domicilio del detenido,PERSONA (detenido),domicilio,Referencia SIPROB,Barandilla (SIPROB),,
IPH Delitos,SECC.ANEXO A (PERSONA DETENIDA),,AA_domicilio_municipio_detenido,Municipio del domicilio del detenido,PERSONA (detenido),domicilio,Referencia SIPROB,Barandilla (SIPROB),,
IPH Delitos,SECC.ANEXO A (PERSONA DETENIDA),,AA_domicilio_entidad_detenido,Entidad del domicilio del detenido,PERSONA (detenido),domicilio,Referencia SIPROB,Barandilla (SIPROB),,
IPH Delitos,SECC.ANEXO A (PERSONA DETENIDA),,AA_domicilio_referencia_detenido,Datos de referencia que ayuden a ubicar el domicilio del detenido,PERSONA (detenido),domicilio,Referencia SIPROB,Barandilla (SIPROB),,
IPH Delitos,SECC.ANEXO A (PERSONA DETENIDA),,AA_descripcion_detenido,"Campo para describir brevemente la persona detenida, incluyendo vestimenta y rasgos fisicos",DETENIDO,"condición al momento de la detención (descripción, lesiones, padecimiento, grupos)",Por definir,Por definir,"Dato sensible. ¿SIPROB ya lo captura? Si no, queda en PIMSy con acceso restringido.",Sí
IPH Delitos,SECC.ANEXO A (PERSONA DETENIDA),,AA_lesiones_detenido,Especifica unicamente (Si / No) cuenta con lesiones,DETENIDO,"condición al momento de la detención (descripción, lesiones, padecimiento, grupos)",Por definir,Por definir,"Dato sensible. ¿SIPROB ya lo captura? Si no, queda en PIMSy con acceso restringido.",Sí
IPH Delitos,SECC.ANEXO A (PERSONA DETENIDA),,AA_padecimiento_detenido,Especifica unicamente (Si / No) cuenta con algun padecimiento,DETENIDO,"condición al momento de la detención (descripción, lesiones, padecimiento, grupos)",Por definir,Por definir,"Dato sensible. ¿SIPROB ya lo captura? Si no, queda en PIMSy con acceso restringido.",Sí
IPH Delitos,SECC.ANEXO A (PERSONA DETENIDA),,AA_tipo_padecimiento,Campo abierto que en caso de contar con padecimiento aqui ya se especifica cual padecimiento,DETENIDO,"condición al momento de la detención (descripción, lesiones, padecimiento, grupos)",Por definir,Por definir,"Dato sensible. ¿SIPROB ya lo captura? Si no, queda en PIMSy con acceso restringido.",Sí
IPH Delitos,SECC.ANEXO A (PERSONA DETENIDA),,AA_grupo_vulnerable_detenido,Especifica unicamente (Si / No) pertenece a algun grupo vulnerable,DETENIDO,"condición al momento de la detención (descripción, lesiones, padecimiento, grupos)",Por definir,Por definir,"Dato sensible. ¿SIPROB ya lo captura? Si no, queda en PIMSy con acceso restringido.",Sí
IPH Delitos,SECC.ANEXO A (PERSONA DETENIDA),,AA_cual_grupo_vulnerable,Campo abierto que en caso de pertencer a algun grupo vulnerable aqui ya se especifica cual,DETENIDO,"condición al momento de la detención (descripción, lesiones, padecimiento, grupos)",Por definir,Por definir,"Dato sensible. ¿SIPROB ya lo captura? Si no, queda en PIMSy con acceso restringido.",Sí
IPH Delitos,SECC.ANEXO A (PERSONA DETENIDA),,AA_grupo_delictivo_detenido,Especifica unicamente (Si / No) pertenece a algun grupo delictivo,DETENIDO,"condición al momento de la detención (descripción, lesiones, padecimiento, grupos)",Por definir,Por definir,"Dato sensible. ¿SIPROB ya lo captura? Si no, queda en PIMSy con acceso restringido.",Sí
IPH Delitos,SECC.ANEXO A (PERSONA DETENIDA),,AA_cual_grupo_delictivo,Campo abierto que en caso de pertencer a algun grupo delictivo aqui ya se especifica cual,DETENIDO,"condición al momento de la detención (descripción, lesiones, padecimiento, grupos)",Por definir,Por definir,"Dato sensible. ¿SIPROB ya lo captura? Si no, queda en PIMSy con acceso restringido.",Sí
IPH Delitos,SECC.ANEXO A (PERSONA DETENIDA),,AA_ap_familiar_detenido,Apellido paterno del familiar que proporciona el detenido,CONTACTO_FAMILIAR,familiar de contacto,Por definir,Por definir,No existe en el modelo v1.0. ¿Lo captura SIPROB?,Sí
IPH Delitos,SECC.ANEXO A (PERSONA DETENIDA),,AA_am_familiar_detenido,Apellido materno del familiar que proporciona el detenido,CONTACTO_FAMILIAR,familiar de contacto,Por definir,Por definir,No existe en el modelo v1.0. ¿Lo captura SIPROB?,Sí
IPH Delitos,SECC.ANEXO A (PERSONA DETENIDA),,AA_nombre_familiar_detenido,Nombre del familiar que proporciona el detenido,CONTACTO_FAMILIAR,familiar de contacto,Por definir,Por definir,No existe en el modelo v1.0. ¿Lo captura SIPROB?,Sí
IPH Delitos,SECC.ANEXO A (PERSONA DETENIDA),,AA_tel_familiar_detenido,Telefono del familiar que proporciona el detenido,CONTACTO_FAMILIAR,familiar de contacto,Por definir,Por definir,No existe en el modelo v1.0. ¿Lo captura SIPROB?,Sí
IPH Delitos,SECC.ANEXO A (PERSONA DETENIDA),,AA_sin_familiar_detenido,Indica si no proporciono datos de un familiar,CONTACTO_FAMILIAR,familiar de contacto,Por definir,Por definir,No existe en el modelo v1.0. ¿Lo captura SIPROB?,Sí
IPH Delitos,SECC.ANEXO A (PERSONA DETENIDA),,AA_lectura_derechos,Indica (SI / NO) se le informo sus derechos al detenido,DETENIDO,lectura de derechos,Captura propia,Policía,Sin entidad en la v1.0.,Sí
IPH Delitos,SECC.ANEXO A (PERSONA DETENIDA),,AA_objeto_retenido,Indica (SI / NO) se encontro un objeto relacionado con los hechos,ASEGURAMIENTO,se encontró objeto relacionado,Derivado de otro registro,Sistema,Se deduce de que existan bienes asegurados.,
IPH Delitos,SECC.ANEXO A (PERSONA DETENIDA),,AA_pertenencias_retenido,Indica (SI / NO) se recolectaron pertenencias del detenido,PERTENENCIA_DETENIDO,se recolectaron pertenencias,Derivado de otro registro,Sistema,Se deduce de que existan pertenencias.,
IPH Delitos,SECC.ANEXO A (PERSONA DETENIDA),,AA_pertenencia_detenido,Campo abierto para nombrar la pertenencia recolectada,PERTENENCIA_DETENIDO,"pertenencia (nombre, descripción, destino)",Por definir,Por definir,Sin entidad en la v1.0. ¿Las captura SIPROB al ingreso?,Sí
IPH Delitos,SECC.ANEXO A (PERSONA DETENIDA),,AA_descripcion_pertenencia,Campo abierto para agregar una breve descripcion de la pertenencia recolectada,DETENIDO,"condición al momento de la detención (descripción, lesiones, padecimiento, grupos)",Por definir,Por definir,"Dato sensible. ¿SIPROB ya lo captura? Si no, queda en PIMSy con acceso restringido.",Sí
IPH Delitos,SECC.ANEXO A (PERSONA DETENIDA),,AA_destino_pertenencia,Campo abierto para indicar el destino o area donde sera depositada la pertenencia recolectada,PERTENENCIA_DETENIDO,"pertenencia (nombre, descripción, destino)",Por definir,Por definir,Sin entidad en la v1.0. ¿Las captura SIPROB al ingreso?,Sí
IPH Delitos,SECC.ANEXO A (PERSONA DETENIDA),,AA_lugar_detencion,Indica (SI / No) el lugar de la detencion es el mismo que la intervencion,DETENCION,lugar de detención igual al de intervención,Calculado / autogenerado,Sistema,Se deduce al comparar con la ubicación del evento.,
IPH Delitos,SECC.ANEXO A (PERSONA DETENIDA),,AA_calle_carretera_detenido,Calle o carretera del lugar de detencion,DETENCION,lugar de detención (si es distinto al evento),Derivado de otro registro,Policía,Copia de la ubicación del evento cuando es el mismo; solo se captura si difiere.,
IPH Delitos,SECC.ANEXO A (PERSONA DETENIDA),,AA_no_ext_detenido,"Si aplica, numero exterior del domicilio del detenido",DETENCION,lugar de detención (si es distinto al evento),Derivado de otro registro,Policía,Copia de la ubicación del evento cuando es el mismo; solo se captura si difiere.,
IPH Delitos,SECC.ANEXO A (PERSONA DETENIDA),,AA_no_int_detenido,"Si aplica, numero interior del domicilio del detenido",DETENCION,lugar de detención (si es distinto al evento),Derivado de otro registro,Policía,Copia de la ubicación del evento cuando es el mismo; solo se captura si difiere.,
IPH Delitos,SECC.ANEXO A (PERSONA DETENIDA),,AA_cp_detenido,Codigo postal del domicilio del detenido,DETENCION,lugar de detención (si es distinto al evento),Derivado de otro registro,Policía,Copia de la ubicación del evento cuando es el mismo; solo se captura si difiere.,
IPH Delitos,SECC.ANEXO A (PERSONA DETENIDA),,AA_colonia_detenido,Colonia o localidad del domicilio del detenido,DETENCION,lugar de detención (si es distinto al evento),Derivado de otro registro,Policía,Copia de la ubicación del evento cuando es el mismo; solo se captura si difiere.,
IPH Delitos,SECC.ANEXO A (PERSONA DETENIDA),,AA_municipio_detenido,Municipio del domicilio del detenido,DETENCION,lugar de detención (si es distinto al evento),Derivado de otro registro,Policía,Copia de la ubicación del evento cuando es el mismo; solo se captura si difiere.,
IPH Delitos,SECC.ANEXO A (PERSONA DETENIDA),,AA_entidad_detenido,Entidad del domicilio del detenido,DETENCION,lugar de detención (si es distinto al evento),Derivado de otro registro,Policía,Copia de la ubicación del evento cuando es el mismo; solo se captura si difiere.,
IPH Delitos,SECC.ANEXO A (PERSONA DETENIDA),,AA_referencia_detenido,Datos de referencia que ayuden a ubicar el domicilio del detenido,DETENCION,lugar de detención (si es distinto al evento),Derivado de otro registro,Policía,Copia de la ubicación del evento cuando es el mismo; solo se captura si difiere.,
IPH Delitos,SECC.ANEXO A (PERSONA DETENIDA),,AA_traslado_detenido,"Indicar el lugar de traslado (Fiscalia/Agencia , Hospital, Otra dependencias)",DETENIDO,traslado (destino y observaciones),Captura propia,Policía,Sin entidad de traslado en la v1.0.,Sí
IPH Delitos,SECC.ANEXO A (PERSONA DETENIDA),,AA_dependencia_traslado,Campo abierto para indicar el destino del detenido en caso de haber indicado Otra dependencia en el campos AA_traslado_detenido,DETENIDO,traslado (destino y observaciones),Captura propia,Policía,Sin entidad de traslado en la v1.0.,Sí
IPH Delitos,SECC.ANEXO A (PERSONA DETENIDA),,AA_observaciones,"Campo abierto para describir brevemente la ruta, medio de traslado del lugar de la detención hasta la puesta a disposición, así como la razón de posibles demoras o cual otra observacion",DETENIDO,traslado (destino y observaciones),Captura propia,Policía,Sin entidad de traslado en la v1.0.,Sí
IPH Delitos,SECC.ANEXO A (PERSONA DETENIDA),,PR_no_emplado_busqueda,Campo para buscar registros por numero de empleado,AGENTE_INVOLUCRADO,rol: primer respondiente (repetición en anexo),Derivado de otro registro,Coordinación,"Este bloque se repite en cada anexo ""solo si es diferente a quien firmó"". Se captura una sola vez en el evento.",
IPH Delitos,SECC.ANEXO A (PERSONA DETENIDA),,PR_ap_empleado_realizo,Apellido paterno de elemento que es primer respondiente,AGENTE_INVOLUCRADO,rol: primer respondiente (repetición en anexo),Derivado de otro registro,Coordinación,"Este bloque se repite en cada anexo ""solo si es diferente a quien firmó"". Se captura una sola vez en el evento.",
IPH Delitos,SECC.ANEXO A (PERSONA DETENIDA),,PR_am_empleado_realizo,Apellido materno de elemento que es primer respondiente,AGENTE_INVOLUCRADO,rol: primer respondiente (repetición en anexo),Derivado de otro registro,Coordinación,"Este bloque se repite en cada anexo ""solo si es diferente a quien firmó"". Se captura una sola vez en el evento.",
IPH Delitos,SECC.ANEXO A (PERSONA DETENIDA),,PR_nombre_empleado_realizo,Nombre del elemento que es primer respondiente,AGENTE_INVOLUCRADO,rol: primer respondiente (repetición en anexo),Derivado de otro registro,Coordinación,"Este bloque se repite en cada anexo ""solo si es diferente a quien firmó"". Se captura una sola vez en el evento.",
IPH Delitos,SECC.ANEXO A (PERSONA DETENIDA),,PR_institucion_pertenece,Seleccion de la institucion a la que pertenece el primer respondiente,AGENTE_INVOLUCRADO,rol: primer respondiente (repetición en anexo),Derivado de otro registro,Coordinación,"Este bloque se repite en cada anexo ""solo si es diferente a quien firmó"". Se captura una sola vez en el evento.",
IPH Delitos,SECC.ANEXO A (PERSONA DETENIDA),,PR_cargo_empleado,Cargo de elemento que es primer respondiente,AGENTE_INVOLUCRADO,rol: primer respondiente (repetición en anexo),Derivado de otro registro,Coordinación,"Este bloque se repite en cada anexo ""solo si es diferente a quien firmó"". Se captura una sola vez en el evento.",
IPH Delitos,SECC.ANEXO B (USO DE LA FUERZA),,AB_lesionados_autoridad,Indica si hay autoridades lesionadas,USO_FUERZA,indicador de lesionados / fallecidos,Calculado / autogenerado,Sistema,Se deduce de la cantidad capturada.,
IPH Delitos,SECC.ANEXO B (USO DE LA FUERZA),,AB_cant_lesionados_autoridad,Se indica la cantidad de autoridades lesionadas,USO_FUERZA,cantidad de lesionados / fallecidos,Captura propia,Policía,Ya se captura en el informe de uso de la fuerza.,Sí
IPH Delitos,SECC.ANEXO B (USO DE LA FUERZA),,AB_lesionados_personas,Indica si hay personas lesionadas,USO_FUERZA,indicador de lesionados / fallecidos,Calculado / autogenerado,Sistema,Se deduce de la cantidad capturada.,
IPH Delitos,SECC.ANEXO B (USO DE LA FUERZA),,AB_cant_lesionados_personas,Se indica la cantidad de personas lesionadas,USO_FUERZA,cantidad de lesionados / fallecidos,Captura propia,Policía,Ya se captura en el informe de uso de la fuerza.,Sí
IPH Delitos,SECC.ANEXO B (USO DE LA FUERZA),,AB_fallecidos_autoridad,Indica si hay autoridades fallecidas,USO_FUERZA,indicador de lesionados / fallecidos,Calculado / autogenerado,Sistema,Se deduce de la cantidad capturada.,
IPH Delitos,SECC.ANEXO B (USO DE LA FUERZA),,AB_cant_fallecidos_autoridad,Se indica la cantidad de autoridades fallecidas,USO_FUERZA,cantidad de lesionados / fallecidos,Captura propia,Policía,Ya se captura en el informe de uso de la fuerza.,Sí
IPH Delitos,SECC.ANEXO B (USO DE LA FUERZA),,AB_fallecidos_personas,Indica si hay personas fallecidas,USO_FUERZA,indicador de lesionados / fallecidos,Calculado / autogenerado,Sistema,Se deduce de la cantidad capturada.,
IPH Delitos,SECC.ANEXO B (USO DE LA FUERZA),,AB_cant_fallecidos_personas,Se indica la cantidad de personas fallecidas,USO_FUERZA,cantidad de lesionados / fallecidos,Captura propia,Policía,Ya se captura en el informe de uso de la fuerza.,Sí
IPH Delitos,SECC.ANEXO B (USO DE LA FUERZA),,AB_tipo_uso_fuerza,Seleccion segun corresponda (Reduccion fisica de movimientos / Utilizacion de arma incapacitante / Utilizacion de arma de fuego),USO_FUERZA,nivel / tipo de uso de la fuerza,Derivado de otro registro,Policía,Se toma del informe de uso de la fuerza.,
IPH Delitos,SECC.ANEXO B (USO DE LA FUERZA),,AB_descripcion,Campo abierto para describir las conductas que motivaron al uso de la fuerza,USO_FUERZA,descripción y asistencia médica,Derivado de otro registro,Policía,Se toma del informe de uso de la fuerza.,
IPH Delitos,SECC.ANEXO B (USO DE LA FUERZA),,AB_asistencia_medica,Indica (SI / NO) se solicito asistencia medica,USO_FUERZA,descripción y asistencia médica,Derivado de otro registro,Policía,Se toma del informe de uso de la fuerza.,
IPH Delitos,SECC.ANEXO B (USO DE LA FUERZA),,AB_descripcion_am,"Campo abierto para explicar porque se brindo o solicito la asistencia medica, en su defecto pudiera se tambien porque no se realizo",USO_FUERZA,descripción y asistencia médica,Derivado de otro registro,Policía,Se toma del informe de uso de la fuerza.,
IPH Delitos,SECC.ANEXO B (USO DE LA FUERZA),,PR_ap_empleado_realizo,Solo si es diferente a quien firmo la puesta a disposicion,AGENTE_INVOLUCRADO,rol: primer respondiente (repetición en anexo),Derivado de otro registro,Coordinación,"Este bloque se repite en cada anexo ""solo si es diferente a quien firmó"". Se captura una sola vez en el evento.",
IPH Delitos,SECC.ANEXO B (USO DE LA FUERZA),,PR_am_empleado_realizo,,AGENTE_INVOLUCRADO,rol: primer respondiente (repetición en anexo),Derivado de otro registro,Coordinación,"Este bloque se repite en cada anexo ""solo si es diferente a quien firmó"". Se captura una sola vez en el evento.",
IPH Delitos,SECC.ANEXO B (USO DE LA FUERZA),,PR_nombre_empleado_realizo,,AGENTE_INVOLUCRADO,rol: primer respondiente (repetición en anexo),Derivado de otro registro,Coordinación,"Este bloque se repite en cada anexo ""solo si es diferente a quien firmó"". Se captura una sola vez en el evento.",
IPH Delitos,SECC.ANEXO B (USO DE LA FUERZA),,PR_institucion_pertenece,,AGENTE_INVOLUCRADO,rol: primer respondiente (repetición en anexo),Derivado de otro registro,Coordinación,"Este bloque se repite en cada anexo ""solo si es diferente a quien firmó"". Se captura una sola vez en el evento.",
IPH Delitos,SECC.ANEXO B (USO DE LA FUERZA),,PR_cargo_empleado,,AGENTE_INVOLUCRADO,rol: primer respondiente (repetición en anexo),Derivado de otro registro,Coordinación,"Este bloque se repite en cada anexo ""solo si es diferente a quien firmó"". Se captura una sola vez en el evento.",
IPH Delitos,SECC.ANEXO C (INSPECCION VEHICULO),,AC_vehiculo,Dato numerico,VEHICULO,consecutivo,Calculado / autogenerado,Sistema,,
IPH Delitos,SECC.ANEXO C (INSPECCION VEHICULO),,AC_fecha_inspeccion,,VEHICULO,fecha y hora de inspección,Captura propia,Policía,"La v1.0 solo modela vehículos asegurados o resguardados, no inspeccionados.",Sí
IPH Delitos,SECC.ANEXO C (INSPECCION VEHICULO),,AC_hora_inspeccion,,VEHICULO,fecha y hora de inspección,Captura propia,Policía,"La v1.0 solo modela vehículos asegurados o resguardados, no inspeccionados.",Sí
IPH Delitos,SECC.ANEXO C (INSPECCION VEHICULO),,AC_tipo,Campo seleccion (Terrestre / Acuatico / Aereo ),VEHICULO,tipo de vehículo,Captura propia,Jurídico / apoyo IPH,Misma información que la del parte; capturar una sola vez.,
IPH Delitos,SECC.ANEXO C (INSPECCION VEHICULO),,AC_procedencia,Campo seleccion (Nacional / Extranjero),VEHICULO,procedencia (nacional / extranjero),Captura propia,Jurídico / apoyo IPH,,
IPH Delitos,SECC.ANEXO C (INSPECCION VEHICULO),,AC_marca_veh,,VEHICULO,marca / submarca / modelo / color,Captura propia,Jurídico / apoyo IPH,Misma información que el parte; capturar una sola vez.,
IPH Delitos,SECC.ANEXO C (INSPECCION VEHICULO),,AC_submarca_veh,,VEHICULO,marca / submarca / modelo / color,Captura propia,Jurídico / apoyo IPH,Misma información que el parte; capturar una sola vez.,
IPH Delitos,SECC.ANEXO C (INSPECCION VEHICULO),,AC_modelo_veh,,VEHICULO,marca / submarca / modelo / color,Captura propia,Jurídico / apoyo IPH,Misma información que el parte; capturar una sola vez.,
IPH Delitos,SECC.ANEXO C (INSPECCION VEHICULO),,AC_color_veh,,VEHICULO,marca / submarca / modelo / color,Captura propia,Jurídico / apoyo IPH,Misma información que el parte; capturar una sola vez.,
IPH Delitos,SECC.ANEXO C (INSPECCION VEHICULO),,AC_uso_veh,Campo de seleccion (Particular / Transporte publico / carga),VEHICULO,uso (particular / público / carga),Captura propia,Jurídico / apoyo IPH,,
IPH Delitos,SECC.ANEXO C (INSPECCION VEHICULO),,AC_placa_veh,,VEHICULO,placas,Captura propia,Jurídico / apoyo IPH,Misma información que el parte.,
IPH Delitos,SECC.ANEXO C (INSPECCION VEHICULO),,AC_serie_veh,,VEHICULO,número de serie,Captura propia,Jurídico / apoyo IPH,,
IPH Delitos,SECC.ANEXO C (INSPECCION VEHICULO),,AC_situacion_veh,Campo de seleccion (Con reporte robo / Sin reporte robo / No es posible saberlo),VEHICULO,situación (con / sin reporte de robo),Captura propia,Jurídico / apoyo IPH,Se parece al motivo de aseguramiento del parte.,Sí
IPH Delitos,SECC.ANEXO C (INSPECCION VEHICULO),,AC_observaciones,Campo abierto para indicar observaciones de la inspeccion del vehiculo,VEHICULO,observaciones de la inspección,Captura propia,Jurídico / apoyo IPH,,
IPH Delitos,SECC.ANEXO C (INSPECCION VEHICULO),,AC_destino,Campo abierto para indicar si el vehiculo sera trasladado y a donde,VEHICULO,destino / lugar de depósito,Captura propia,Jurídico / apoyo IPH,Equivale al lugar de depósito del parte.,
IPH Delitos,SECC.ANEXO C (INSPECCION VEHICULO),,AC_objetos,Indica (SI / NO) se localizaron objetos relacionados con los hechos,ASEGURAMIENTO,se localizaron objetos,Derivado de otro registro,Sistema,Se deduce de que existan bienes asegurados.,
IPH Delitos,SECC.ANEXO C (INSPECCION VEHICULO),,PR_ap_empleado_realizo,Solo si es diferente a quien firmo la puesta a disposicion,AGENTE_INVOLUCRADO,rol: primer respondiente (repetición en anexo),Derivado de otro registro,Coordinación,"Este bloque se repite en cada anexo ""solo si es diferente a quien firmó"". Se captura una sola vez en el evento.",
IPH Delitos,SECC.ANEXO C (INSPECCION VEHICULO),,PR_am_empleado_realizo,,AGENTE_INVOLUCRADO,rol: primer respondiente (repetición en anexo),Derivado de otro registro,Coordinación,"Este bloque se repite en cada anexo ""solo si es diferente a quien firmó"". Se captura una sola vez en el evento.",
IPH Delitos,SECC.ANEXO C (INSPECCION VEHICULO),,PR_nombre_empleado_realizo,,AGENTE_INVOLUCRADO,rol: primer respondiente (repetición en anexo),Derivado de otro registro,Coordinación,"Este bloque se repite en cada anexo ""solo si es diferente a quien firmó"". Se captura una sola vez en el evento.",
IPH Delitos,SECC.ANEXO C (INSPECCION VEHICULO),,PR_institucion_pertenece,,AGENTE_INVOLUCRADO,rol: primer respondiente (repetición en anexo),Derivado de otro registro,Coordinación,"Este bloque se repite en cada anexo ""solo si es diferente a quien firmó"". Se captura una sola vez en el evento.",
IPH Delitos,SECC.ANEXO C (INSPECCION VEHICULO),,PR_cargo_empleado,,AGENTE_INVOLUCRADO,rol: primer respondiente (repetición en anexo),Derivado de otro registro,Coordinación,"Este bloque se repite en cada anexo ""solo si es diferente a quien firmó"". Se captura una sola vez en el evento.",
IPH Delitos,SECC.ANEXO D (INVENTARIO ARMAS Y OBJETOS),,AD_id_arma,,ASEGURAMIENTO,consecutivo del bien,Calculado / autogenerado,Sistema,,
IPH Delitos,SECC.ANEXO D (INVENTARIO ARMAS Y OBJETOS),,AD_aportacion_inspeccion_arma,Campo de seleccion (Aportacion / Lugar / Persona / Vehiculo),ASEGURAMIENTO,procedencia del hallazgo (aportación / lugar / persona / vehículo),Captura propia,Jurídico / apoyo IPH,No existe en la v1.0.,Sí
IPH Delitos,SECC.ANEXO D (INVENTARIO ARMAS Y OBJETOS),,AD_ubicacion_arma,,ASEGURAMIENTO,ubicación del hallazgo,Captura propia,Jurídico / apoyo IPH,No existe en la v1.0.,
IPH Delitos,SECC.ANEXO D (INVENTARIO ARMAS Y OBJETOS),,AD_tipo_arma,Campo de seleccion (Corta / Larga),ARMA,tipo (corta / larga),Captura propia,Jurídico / apoyo IPH,Catálogo distinto al del parte.,Sí
IPH Delitos,SECC.ANEXO D (INVENTARIO ARMAS Y OBJETOS),,AD_calibre_arma,,ARMA,calibre / color / matrícula / serie,Captura propia,Jurídico / apoyo IPH,,
IPH Delitos,SECC.ANEXO D (INVENTARIO ARMAS Y OBJETOS),,AD_color_arma,,ARMA,calibre / color / matrícula / serie,Captura propia,Jurídico / apoyo IPH,,
IPH Delitos,SECC.ANEXO D (INVENTARIO ARMAS Y OBJETOS),,AD_Matricula_arma,,ARMA,calibre / color / matrícula / serie,Captura propia,Jurídico / apoyo IPH,,
IPH Delitos,SECC.ANEXO D (INVENTARIO ARMAS Y OBJETOS),,AD_serie_arma,,ARMA,calibre / color / matrícula / serie,Captura propia,Jurídico / apoyo IPH,,
IPH Delitos,SECC.ANEXO D (INVENTARIO ARMAS Y OBJETOS),,AD_observaciones_arma,,ARMA,observaciones y destino,Captura propia,Jurídico / apoyo IPH,,
IPH Delitos,SECC.ANEXO D (INVENTARIO ARMAS Y OBJETOS),,AD_destino_arma,,ARMA,observaciones y destino,Captura propia,Jurídico / apoyo IPH,,
IPH Delitos,SECC.ANEXO D (INVENTARIO ARMAS Y OBJETOS),,AD_ap_aseguro_arma,,AGENTE_INVOLUCRADO,rol: asegura el bien,Snapshot de agente (MongoDB),Coordinación,Se selecciona de los agentes del evento.,
IPH Delitos,SECC.ANEXO D (INVENTARIO ARMAS Y OBJETOS),,AD_am_aseguro_arma,,AGENTE_INVOLUCRADO,rol: asegura el bien,Snapshot de agente (MongoDB),Coordinación,Se selecciona de los agentes del evento.,
IPH Delitos,SECC.ANEXO D (INVENTARIO ARMAS Y OBJETOS),,AD_nombre_aseguro_arma,,AGENTE_INVOLUCRADO,rol: asegura el bien,Snapshot de agente (MongoDB),Coordinación,Se selecciona de los agentes del evento.,
IPH Delitos,SECC.ANEXO D (INVENTARIO ARMAS Y OBJETOS),,AD_ap_testigo1_arma,,TESTIGO,testigo del aseguramiento (hasta 2 por bien),Por definir,Por definir,No existe en la v1.0. ¿Persona maestra o dato libre?,Sí
IPH Delitos,SECC.ANEXO D (INVENTARIO ARMAS Y OBJETOS),,AD_am_testigo1_arma,,TESTIGO,testigo del aseguramiento (hasta 2 por bien),Por definir,Por definir,No existe en la v1.0. ¿Persona maestra o dato libre?,Sí
IPH Delitos,SECC.ANEXO D (INVENTARIO ARMAS Y OBJETOS),,AD_nombre_testigo1_arma,,TESTIGO,testigo del aseguramiento (hasta 2 por bien),Por definir,Por definir,No existe en la v1.0. ¿Persona maestra o dato libre?,Sí
IPH Delitos,SECC.ANEXO D (INVENTARIO ARMAS Y OBJETOS),,AD_ap_testigo2_arma,,TESTIGO,testigo del aseguramiento (hasta 2 por bien),Por definir,Por definir,No existe en la v1.0. ¿Persona maestra o dato libre?,Sí
IPH Delitos,SECC.ANEXO D (INVENTARIO ARMAS Y OBJETOS),,AD_am_testigo2_arma,,TESTIGO,testigo del aseguramiento (hasta 2 por bien),Por definir,Por definir,No existe en la v1.0. ¿Persona maestra o dato libre?,Sí
IPH Delitos,SECC.ANEXO D (INVENTARIO ARMAS Y OBJETOS),,AD_nombre_testigo2_arma,,TESTIGO,testigo del aseguramiento (hasta 2 por bien),Por definir,Por definir,No existe en la v1.0. ¿Persona maestra o dato libre?,Sí
IPH Delitos,SECC.ANEXO D (INVENTARIO ARMAS Y OBJETOS),,AD_id_sustancia,,ASEGURAMIENTO,consecutivo del bien,Calculado / autogenerado,Sistema,,
IPH Delitos,SECC.ANEXO D (INVENTARIO ARMAS Y OBJETOS),,AD_sustancia,Campo de seleccion (Narcotico / Hidrocarburo / Numerario / Otro),SUSTANCIA,tipo y descripción,Captura propia,Jurídico / apoyo IPH,"El IPH incluye ""numerario"" (dinero) como sustancia.",Sí
IPH Delitos,SECC.ANEXO D (INVENTARIO ARMAS Y OBJETOS),,AD_sustancia_otro,Campo abierto para especificar otro tipo de sustancia no contemplada en AD_sustancia,SUSTANCIA,tipo y descripción,Captura propia,Jurídico / apoyo IPH,"El IPH incluye ""numerario"" (dinero) como sustancia.",Sí
IPH Delitos,SECC.ANEXO D (INVENTARIO ARMAS Y OBJETOS),,AD_aportacion_inspeccion_sustancia,Campo de seleccion (Aportacion / Lugar / Persona / Vehiculo),ASEGURAMIENTO,procedencia del hallazgo (aportación / lugar / persona / vehículo),Captura propia,Jurídico / apoyo IPH,No existe en la v1.0.,Sí
IPH Delitos,SECC.ANEXO D (INVENTARIO ARMAS Y OBJETOS),,AD_ubicacion_sustancia,,ASEGURAMIENTO,ubicación del hallazgo,Captura propia,Jurídico / apoyo IPH,No existe en la v1.0.,
IPH Delitos,SECC.ANEXO D (INVENTARIO ARMAS Y OBJETOS),,AD_descripcion_sustancia,Campo abierto para ingresar una breve descripcion de la sustancia,SUSTANCIA,tipo y descripción,Captura propia,Jurídico / apoyo IPH,"El IPH incluye ""numerario"" (dinero) como sustancia.",Sí
IPH Delitos,SECC.ANEXO D (INVENTARIO ARMAS Y OBJETOS),,AD_destino_sustancia,Campo abierto para ingresar el destino de la sustancia,SUSTANCIA,destino,Captura propia,Jurídico / apoyo IPH,,
IPH Delitos,SECC.ANEXO D (INVENTARIO ARMAS Y OBJETOS),,AD_ap_aseguro_sustancia,,AGENTE_INVOLUCRADO,rol: asegura el bien,Snapshot de agente (MongoDB),Coordinación,Se selecciona de los agentes del evento.,
IPH Delitos,SECC.ANEXO D (INVENTARIO ARMAS Y OBJETOS),,AD_am_aseguro_sustancia,,AGENTE_INVOLUCRADO,rol: asegura el bien,Snapshot de agente (MongoDB),Coordinación,Se selecciona de los agentes del evento.,
IPH Delitos,SECC.ANEXO D (INVENTARIO ARMAS Y OBJETOS),,AD_nombre_aseguro_sustancia,,AGENTE_INVOLUCRADO,rol: asegura el bien,Snapshot de agente (MongoDB),Coordinación,Se selecciona de los agentes del evento.,
IPH Delitos,SECC.ANEXO D (INVENTARIO ARMAS Y OBJETOS),,AD_ap_testigo1_sustancia,,TESTIGO,testigo del aseguramiento (hasta 2 por bien),Por definir,Por definir,No existe en la v1.0. ¿Persona maestra o dato libre?,Sí
IPH Delitos,SECC.ANEXO D (INVENTARIO ARMAS Y OBJETOS),,AD_am_testigo1_sustancia,,TESTIGO,testigo del aseguramiento (hasta 2 por bien),Por definir,Por definir,No existe en la v1.0. ¿Persona maestra o dato libre?,Sí
IPH Delitos,SECC.ANEXO D (INVENTARIO ARMAS Y OBJETOS),,AD_nombre_testigo1_sustancia,,TESTIGO,testigo del aseguramiento (hasta 2 por bien),Por definir,Por definir,No existe en la v1.0. ¿Persona maestra o dato libre?,Sí
IPH Delitos,SECC.ANEXO D (INVENTARIO ARMAS Y OBJETOS),,AD_ap_testigo2_sustancia,,TESTIGO,testigo del aseguramiento (hasta 2 por bien),Por definir,Por definir,No existe en la v1.0. ¿Persona maestra o dato libre?,Sí
IPH Delitos,SECC.ANEXO D (INVENTARIO ARMAS Y OBJETOS),,AD_am_testigo2_sustancia,,TESTIGO,testigo del aseguramiento (hasta 2 por bien),Por definir,Por definir,No existe en la v1.0. ¿Persona maestra o dato libre?,Sí
IPH Delitos,SECC.ANEXO D (INVENTARIO ARMAS Y OBJETOS),,AD_nombre_testigo2_sustancia,,TESTIGO,testigo del aseguramiento (hasta 2 por bien),Por definir,Por definir,No existe en la v1.0. ¿Persona maestra o dato libre?,Sí
IPH Delitos,SECC.ANEXO D (INVENTARIO ARMAS Y OBJETOS),,AD_id_objeto,,ASEGURAMIENTO,consecutivo del bien,Calculado / autogenerado,Sistema,,
IPH Delitos,SECC.ANEXO D (INVENTARIO ARMAS Y OBJETOS),,AD_objeto,,OBJETO,"tipo, descripción y destino",Captura propia,Jurídico / apoyo IPH,,
IPH Delitos,SECC.ANEXO D (INVENTARIO ARMAS Y OBJETOS),,AD_objeto_otro,,OBJETO,"tipo, descripción y destino",Captura propia,Jurídico / apoyo IPH,,
IPH Delitos,SECC.ANEXO D (INVENTARIO ARMAS Y OBJETOS),,AD_aportacion_inspeccion_objeto,,ASEGURAMIENTO,procedencia del hallazgo (aportación / lugar / persona / vehículo),Captura propia,Jurídico / apoyo IPH,No existe en la v1.0.,Sí
IPH Delitos,SECC.ANEXO D (INVENTARIO ARMAS Y OBJETOS),,AD_ubicacion_objeto,,ASEGURAMIENTO,ubicación del hallazgo,Captura propia,Jurídico / apoyo IPH,No existe en la v1.0.,
IPH Delitos,SECC.ANEXO D (INVENTARIO ARMAS Y OBJETOS),,AD_descripcion_objeto,,OBJETO,"tipo, descripción y destino",Captura propia,Jurídico / apoyo IPH,,
IPH Delitos,SECC.ANEXO D (INVENTARIO ARMAS Y OBJETOS),,AD_destino_objeto,,OBJETO,"tipo, descripción y destino",Captura propia,Jurídico / apoyo IPH,,
IPH Delitos,SECC.ANEXO D (INVENTARIO ARMAS Y OBJETOS),,AD_ap_aseguro_objeto,,AGENTE_INVOLUCRADO,rol: asegura el bien,Snapshot de agente (MongoDB),Coordinación,Se selecciona de los agentes del evento.,
IPH Delitos,SECC.ANEXO D (INVENTARIO ARMAS Y OBJETOS),,AD_am_aseguro_objeto,,AGENTE_INVOLUCRADO,rol: asegura el bien,Snapshot de agente (MongoDB),Coordinación,Se selecciona de los agentes del evento.,
IPH Delitos,SECC.ANEXO D (INVENTARIO ARMAS Y OBJETOS),,AD_nombre_aseguro_objeto,,AGENTE_INVOLUCRADO,rol: asegura el bien,Snapshot de agente (MongoDB),Coordinación,Se selecciona de los agentes del evento.,
IPH Delitos,SECC.ANEXO D (INVENTARIO ARMAS Y OBJETOS),,AD_ap_testigo1_objeto,,TESTIGO,testigo del aseguramiento (hasta 2 por bien),Por definir,Por definir,No existe en la v1.0. ¿Persona maestra o dato libre?,Sí
IPH Delitos,SECC.ANEXO D (INVENTARIO ARMAS Y OBJETOS),,AD_am_testigo1_objeto,,TESTIGO,testigo del aseguramiento (hasta 2 por bien),Por definir,Por definir,No existe en la v1.0. ¿Persona maestra o dato libre?,Sí
IPH Delitos,SECC.ANEXO D (INVENTARIO ARMAS Y OBJETOS),,AD_nombre_testigo1_objeto,,TESTIGO,testigo del aseguramiento (hasta 2 por bien),Por definir,Por definir,No existe en la v1.0. ¿Persona maestra o dato libre?,Sí
IPH Delitos,SECC.ANEXO D (INVENTARIO ARMAS Y OBJETOS),,AD_ap_testigo2_objeto,,TESTIGO,testigo del aseguramiento (hasta 2 por bien),Por definir,Por definir,No existe en la v1.0. ¿Persona maestra o dato libre?,Sí
IPH Delitos,SECC.ANEXO D (INVENTARIO ARMAS Y OBJETOS),,AD_am_testigo2_objeto,,TESTIGO,testigo del aseguramiento (hasta 2 por bien),Por definir,Por definir,No existe en la v1.0. ¿Persona maestra o dato libre?,Sí
IPH Delitos,SECC.ANEXO D (INVENTARIO ARMAS Y OBJETOS),,AD_nombre_testigo2_objeto,,TESTIGO,testigo del aseguramiento (hasta 2 por bien),Por definir,Por definir,No existe en la v1.0. ¿Persona maestra o dato libre?,Sí
IPH Delitos,SECC.ANEXO (LECTURA DERECHOS MENOR INFRACTOR),,ADM_no_referencia,,LECTURA_DERECHOS_MENOR,folio de referencia,Calculado / autogenerado,Sistema,,
IPH Delitos,SECC.ANEXO (LECTURA DERECHOS MENOR INFRACTOR),,ADM_dependencia,Dependencia se da lectura de los derechos,LECTURA_DERECHOS_MENOR,lectura de derechos del menor infractor,Captura propia,Policía,Sin entidad en la v1.0.,Sí
IPH Delitos,SECC.ANEXO (LECTURA DERECHOS MENOR INFRACTOR),,ADM_entidad,Entidad donde se da lectura de los derechos,LECTURA_DERECHOS_MENOR,lectura de derechos del menor infractor,Captura propia,Policía,Sin entidad en la v1.0.,Sí
IPH Delitos,SECC.ANEXO (LECTURA DERECHOS MENOR INFRACTOR),,ADM_ciudad,Ciudad donde se da lectura de los derechos,LECTURA_DERECHOS_MENOR,lectura de derechos del menor infractor,Captura propia,Policía,Sin entidad en la v1.0.,Sí
IPH Delitos,SECC.ANEXO (LECTURA DERECHOS MENOR INFRACTOR),,ADM_lugar_realizo,Lugar donde se realiza la lectura de los derechos,LECTURA_DERECHOS_MENOR,lectura de derechos del menor infractor,Captura propia,Policía,Sin entidad en la v1.0.,Sí
IPH Delitos,SECC.ANEXO (LECTURA DERECHOS MENOR INFRACTOR),,ADM_fecha,Fecha cuando se da lectura de los derechos,LECTURA_DERECHOS_MENOR,lectura de derechos del menor infractor,Captura propia,Policía,Sin entidad en la v1.0.,Sí
IPH Delitos,SECC.ANEXO (LECTURA DERECHOS MENOR INFRACTOR),,ADM_hora,Hora cuando se da lectura de los derechos,LECTURA_DERECHOS_MENOR,lectura de derechos del menor infractor,Captura propia,Policía,Sin entidad en la v1.0.,Sí
IPH Delitos,SECC.ANEXO (LECTURA DERECHOS MENOR INFRACTOR),,ADM_comprendio,Indica (SI / NO) el infractor comprendio sus derechos,LECTURA_DERECHOS_MENOR,lectura de derechos del menor infractor,Captura propia,Policía,Sin entidad en la v1.0.,Sí
IPH Delitos,SECC.ANEXO (LECTURA DERECHOS MENOR INFRACTOR),,ADM_nombre_infractor,Nombre del menor detenido,LECTURA_DERECHOS_MENOR,nombre del menor,Referencia SIPROB,Barandilla (SIPROB),Se toma del detenido.,
IPH Delitos,SECC.ANEXO (LECTURA DERECHOS MENOR INFRACTOR),,ADM_nombre_actuante,Nombre del actuante,LECTURA_DERECHOS_MENOR,nombre del actuante,Snapshot de agente (MongoDB),Coordinación,Se toma del agente involucrado.,
IPH Delitos,SECC.ANEXO (LECTURA DERECHOS MENOR INFRACTOR),,ADM_notas,Campo abierto para anotar cualquier inconsistencia del infractor,LECTURA_DERECHOS_MENOR,lectura de derechos del menor infractor,Captura propia,Policía,Sin entidad en la v1.0.,Sí
IPH Faltas (Justicia Cívica),,,no_referencia,,IPH,folio de referencia,Captura propia,Jurídico,,
IPH Faltas (Justicia Cívica),,,no_folio_sistema,,IPH,folio de sistema,Calculado / autogenerado,Sistema,,
IPH Faltas (Justicia Cívica),,,PD_fecha,,IPH,fecha de puesta a disposición,Captura propia,Jurídico,,
IPH Faltas (Justicia Cívica),,,PD_hora,,IPH,hora de puesta a disposición,Captura propia,Jurídico,,
IPH Faltas (Justicia Cívica),,,PD_no_expediente,,IPH,número de expediente,Captura propia,Jurídico,,
IPH Faltas (Justicia Cívica),,,PD_anexoa_detencion(es),Define SI / NO existe anexo,IPH,lista de anexos que acompañan,Calculado / autogenerado,Sistema,"Se deriva de si existen detenidos, vehículos, bienes o uso de la fuerza registrados.",
IPH Faltas (Justicia Cívica),,,PD_anexoa_cantidad,Indicar la cantidad de Anexo A a entregar,IPH,cantidad de anexos por tipo,Calculado / autogenerado,Sistema,Se cuenta de los registros hijos.,
IPH Faltas (Justicia Cívica),,,PD_anexob_vehiculos,Define SI / NO existe anexo,IPH,lista de anexos que acompañan,Calculado / autogenerado,Sistema,"Se deriva de si existen detenidos, vehículos, bienes o uso de la fuerza registrados.",
IPH Faltas (Justicia Cívica),,,PD_anexob_cantidad,Indicar la cantidad de Anexo B a entregar,IPH,cantidad de anexos por tipo,Calculado / autogenerado,Sistema,Se cuenta de los registros hijos.,
IPH Faltas (Justicia Cívica),,,PD_sin_anexos,Definir en caso de no existir ningun anexo,IPH,lista de anexos que acompañan,Calculado / autogenerado,Sistema,"Se deriva de si existen detenidos, vehículos, bienes o uso de la fuerza registrados.",
IPH Faltas (Justicia Cívica),,,PD_no_emplado_busqueda,Numero de empleado del elemento realizo la puesta a disposicion,AGENTE_INVOLUCRADO,rol: realiza la puesta a disposición,Snapshot de agente (MongoDB),Coordinación,Se selecciona del agente ya agregado al evento; no se recapturan datos.,
IPH Faltas (Justicia Cívica),,,PD_ap_empleado_realizo,Apellido paterno de elemento realizo la puesta a disposicion,AGENTE_INVOLUCRADO,rol: realiza la puesta a disposición,Snapshot de agente (MongoDB),Coordinación,Se selecciona del agente ya agregado al evento; no se recapturan datos.,
IPH Faltas (Justicia Cívica),,,PD_am_empleado_realizo,Apellido materno de elemento realizo la puesta a disposicion,AGENTE_INVOLUCRADO,rol: realiza la puesta a disposición,Snapshot de agente (MongoDB),Coordinación,Se selecciona del agente ya agregado al evento; no se recapturan datos.,
IPH Faltas (Justicia Cívica),,,PD_nombre_empleado_realizo,Nombre de elemento realizo la puesta a disposicion,AGENTE_INVOLUCRADO,rol: realiza la puesta a disposición,Snapshot de agente (MongoDB),Coordinación,Se selecciona del agente ya agregado al evento; no se recapturan datos.,
IPH Faltas (Justicia Cívica),,,PD_institucion_pertenece,Seleccion entr algunas instituciones a cual pertenece el elemento que realiza la puesta a disposicion,AGENTE_INVOLUCRADO,rol: realiza la puesta a disposición,Snapshot de agente (MongoDB),Coordinación,Se selecciona del agente ya agregado al evento; no se recapturan datos.,
IPH Faltas (Justicia Cívica),,,PD_institucion_pertenece_otra,"En caso de no estar la institucion deseada del elemento, aqui se escribe de manera abierta",AGENTE_INVOLUCRADO,institución externa,Por definir,Por definir,El catálogo de agentes en MongoDB es de la SSPM. ¿Cómo se registran agentes de otra institución?,Sí
IPH Faltas (Justicia Cívica),,,PD_cargo_empleado_realizo,Cargo del elemento realizo la puesta a disposicion,AGENTE_INVOLUCRADO,rol: realiza la puesta a disposición,Snapshot de agente (MongoDB),Coordinación,Se selecciona del agente ya agregado al evento; no se recapturan datos.,
IPH Faltas (Justicia Cívica),,,PD_unidad_arribo,Numero asignado al vehiculo en el que llego el primer respondiente,AGENTE_INVOLUCRADO,rol: realiza la puesta a disposición,Snapshot de agente (MongoDB),Coordinación,Se selecciona del agente ya agregado al evento; no se recapturan datos.,
IPH Faltas (Justicia Cívica),,,PD_no_aplica_empleado,En caso de que no se cuente o no exista alguna puesta a disposicion,IPH,sin puesta a disposición,Por definir,Por definir,Caso sin elemento que realice la puesta a disposición. Aclarar uso.,Sí
IPH Faltas (Justicia Cívica),,,PD_autoridad_recibe,Ya viene establecido el dato del campo con FISCALIA CIVICA,IPH,autoridad receptora (fiscalía cívica / fiscal cívico),Derivado de otro registro,Jurídico,Ya viene establecida por el tipo de IPH y la autoridad destino.,
IPH Faltas (Justicia Cívica),,,PD_adscripcion_autoridad_recibe,Se selecciona el distrito correspondiente donde esta el juez civico que recibe,IPH,autoridad receptora (fiscalía cívica / fiscal cívico),Derivado de otro registro,Jurídico,Ya viene establecida por el tipo de IPH y la autoridad destino.,
IPH Faltas (Justicia Cívica),,,PD_cargo_autoridad_recibe,Ya viene establecido el dato del campo con FISCAL CIVICO,IPH,autoridad receptora (fiscalía cívica / fiscal cívico),Derivado de otro registro,Jurídico,Ya viene establecida por el tipo de IPH y la autoridad destino.,
IPH Faltas (Justicia Cívica),,,PD_firma_autoridad_recibe,Campo de busqueda por nombre o numero de empleado del fiscal civico,IPH,autoridad receptora (fiscalía cívica / fiscal cívico),Derivado de otro registro,Jurídico,Ya viene establecida por el tipo de IPH y la autoridad destino.,
IPH Faltas (Justicia Cívica),,,PI_comision_infraccion,Indica (SI / NO) si el Probable Infractor tuvo presencia directa en la comision de la probable infraccion,IPH,circunstancias de la infracción,Captura propia,Jurídico,Solo IPH Faltas.,
IPH Faltas (Justicia Cívica),,,PI_queja,Indica (Si / NO) existe una queja o peticion de parte,PARTICIPACION,existe queja o petición de parte,Derivado de otro registro,Policía,Se deduce de que exista una persona con rol quejoso.,
IPH Faltas (Justicia Cívica),,,PI_llamada_emergencia,Indica (SI / NO) si existio una llamada de emergencia,EVENTO,folio_ceri / llamada de emergencia,Derivado de otro registro,CERI / origen,Se deduce del origen del evento y su folio CERI.,
IPH Faltas (Justicia Cívica),,,PI_no_llamada_emergencia,"Campo abierto para ingresar en caso de contar con él, el numero de reporte del 911",EVENTO,folio_ceri / llamada de emergencia,Derivado de otro registro,CERI / origen,Se deduce del origen del evento y su folio CERI.,
IPH Faltas (Justicia Cívica),,,PI_otro,Campo abierto para agregar algun otro dato no especificado anteriormente,IPH,circunstancias de la infracción,Captura propia,Jurídico,Solo IPH Faltas.,
IPH Faltas (Justicia Cívica),,,LI_calle_carretera,Calle o carretera del lugar de la  intervecion,UBICACION,ubicación del evento,Derivado de otro registro,CERI / origen,El IPH reutiliza la ubicación del evento; no se recaptura.,
IPH Faltas (Justicia Cívica),,,LI_no_ext,"Si aplica, numero exterior de domicilio de la intervencion",UBICACION,ubicación del evento,Derivado de otro registro,CERI / origen,El IPH reutiliza la ubicación del evento; no se recaptura.,
IPH Faltas (Justicia Cívica),,,LI_no_int,"Si aplica, numero interior de domicilio  de la intervencion",UBICACION,ubicación del evento,Derivado de otro registro,CERI / origen,El IPH reutiliza la ubicación del evento; no se recaptura.,
IPH Faltas (Justicia Cívica),,,LI_cp,Codigo postal del lugar de la intervencion,UBICACION,ubicación del evento,Derivado de otro registro,CERI / origen,El IPH reutiliza la ubicación del evento; no se recaptura.,
IPH Faltas (Justicia Cívica),,,LI_colonia,Colonia o localidad del lugar  de la intervencion,UBICACION,ubicación del evento,Derivado de otro registro,CERI / origen,El IPH reutiliza la ubicación del evento; no se recaptura.,
IPH Faltas (Justicia Cívica),,,LI_municipio,Municipio del lugar  de la intervencion,UBICACION,ubicación del evento,Derivado de otro registro,CERI / origen,El IPH reutiliza la ubicación del evento; no se recaptura.,
IPH Faltas (Justicia Cívica),,,LI_entidad,Entidad  de la intervencion,UBICACION,ubicación del evento,Derivado de otro registro,CERI / origen,El IPH reutiliza la ubicación del evento; no se recaptura.,
IPH Faltas (Justicia Cívica),,,LI_referencia,Datos de referencia que ayuden a ubicar el lugar  de la intervencion,UBICACION,ubicación del evento,Derivado de otro registro,CERI / origen,El IPH reutiliza la ubicación del evento; no se recaptura.,
IPH Faltas (Justicia Cívica),,,LI_lat,Datos de la latitud del lugar  de la intervencion,UBICACION,ubicación del evento,Derivado de otro registro,CERI / origen,El IPH reutiliza la ubicación del evento; no se recaptura.,
IPH Faltas (Justicia Cívica),,,LI_long,Datos de la longitud del lugar  de la intervencion,UBICACION,ubicación del evento,Derivado de otro registro,CERI / origen,El IPH reutiliza la ubicación del evento; no se recaptura.,
IPH Faltas (Justicia Cívica),,,NH_narrativa,Relato cronológicamente de las acciones realizadas durante su intervención desde el conocimiento del hecho hasta la puesta a disposición,EVENTO,narrativa (IPH aporta la suya solo si hay más de un IPH),Derivado de otro registro,Policía,Se reutiliza la narrativa del evento.,
IPH Faltas (Justicia Cívica),SECC.ANEXO A (PERSONA DETENIDA),,AA_detenido,,DETENIDO,marcador de bloque,Calculado / autogenerado,Sistema,,
IPH Faltas (Justicia Cívica),SECC.ANEXO A (PERSONA DETENIDA),,AA_rnd,Identificador unico del Registro Nacional de Detenidos,DETENIDO,identificador del Registro Nacional de Detenidos,Referencia SIPROB,Barandilla (SIPROB),Confirmar que SIPROB lo captura.,Sí
IPH Faltas (Justicia Cívica),SECC.ANEXO A (PERSONA DETENIDA),,AA_fecha_detencion,Fecha de la detencion,DETENIDO,fecha y hora de detención,Referencia SIPROB,Barandilla (SIPROB),,
IPH Faltas (Justicia Cívica),SECC.ANEXO A (PERSONA DETENIDA),,AA_hora_detencion,Hora de la detencion,DETENIDO,fecha y hora de detención,Referencia SIPROB,Barandilla (SIPROB),,
IPH Faltas (Justicia Cívica),SECC.ANEXO A (PERSONA DETENIDA),,AA_ap_detenido,Apellido paterno del detenido,PERSONA (detenido),"nombre, apellidos y alias",Referencia SIPROB,Barandilla (SIPROB),,
IPH Faltas (Justicia Cívica),SECC.ANEXO A (PERSONA DETENIDA),,AA_am_detenido,Apellido materno del detenido,PERSONA (detenido),"nombre, apellidos y alias",Referencia SIPROB,Barandilla (SIPROB),,
IPH Faltas (Justicia Cívica),SECC.ANEXO A (PERSONA DETENIDA),,AA_nombre_detenido,Nombre del detenido,PERSONA (detenido),"nombre, apellidos y alias",Referencia SIPROB,Barandilla (SIPROB),,
IPH Faltas (Justicia Cívica),SECC.ANEXO A (PERSONA DETENIDA),,AA_alias_detenido,Alias del detenido en caso de contar con ello,PERSONA (detenido),"nombre, apellidos y alias",Referencia SIPROB,Barandilla (SIPROB),,
IPH Faltas (Justicia Cívica),SECC.ANEXO A (PERSONA DETENIDA),,AA_no_aplica,? (probablmente seria que no cuenta con alias),DETENIDO,campo sin descripción clara,Por definir,Por definir,"La descripción original duda de su propósito (probable ""sin alias"").",Sí
IPH Faltas (Justicia Cívica),SECC.ANEXO A (PERSONA DETENIDA),,AA_nacionalidad_detenido,Identifica si el detenido es Mexicano o Extranjero,PERSONA (detenido),nacionalidad,Referencia SIPROB,Barandilla (SIPROB),"Ejemplo de derivación: nacionalidad alimenta ""extranjero"" del IPH y ""país de origen"" del parte.",
IPH Faltas (Justicia Cívica),SECC.ANEXO A (PERSONA DETENIDA),,AA_lugar_nacionalidad_detenido,Se especifica la nacionalidad del detenido en caso de ser extranjero,PERSONA (detenido),nacionalidad,Referencia SIPROB,Barandilla (SIPROB),"Ejemplo de derivación: nacionalidad alimenta ""extranjero"" del IPH y ""país de origen"" del parte.",
IPH Faltas (Justicia Cívica),SECC.ANEXO A (PERSONA DETENIDA),,AA_sexo_detenido,Identifica si es Hombre o Mujer,PERSONA (detenido),sexo y fecha de nacimiento,Referencia SIPROB,Barandilla (SIPROB),,
IPH Faltas (Justicia Cívica),SECC.ANEXO A (PERSONA DETENIDA),,AA_fnac_detenido,Fecha de nacimiento del detenido,PERSONA (detenido),sexo y fecha de nacimiento,Referencia SIPROB,Barandilla (SIPROB),,
IPH Faltas (Justicia Cívica),SECC.ANEXO A (PERSONA DETENIDA),,AA_domicilio_calle_carretera_detenido,Calle o carretera del domicilio del detenido,PERSONA (detenido),domicilio,Referencia SIPROB,Barandilla (SIPROB),,
IPH Faltas (Justicia Cívica),SECC.ANEXO A (PERSONA DETENIDA),,AA_domicilio_no_ext_detenido,"Si aplica, numero exterior del domicilio del detenido",PERSONA (detenido),domicilio,Referencia SIPROB,Barandilla (SIPROB),,
IPH Faltas (Justicia Cívica),SECC.ANEXO A (PERSONA DETENIDA),,AA_domicilio_no_int_detenido,"Si aplica, numero interior del domicilio del detenido",PERSONA (detenido),domicilio,Referencia SIPROB,Barandilla (SIPROB),,
IPH Faltas (Justicia Cívica),SECC.ANEXO A (PERSONA DETENIDA),,AA_domicilio_cp_detenido,Codigo postal del domicilio del detenido,PERSONA (detenido),domicilio,Referencia SIPROB,Barandilla (SIPROB),,
IPH Faltas (Justicia Cívica),SECC.ANEXO A (PERSONA DETENIDA),,AA_domicilio_colonia_detenido,Colonia o localidad del domicilio del detenido,PERSONA (detenido),domicilio,Referencia SIPROB,Barandilla (SIPROB),,
IPH Faltas (Justicia Cívica),SECC.ANEXO A (PERSONA DETENIDA),,AA_domicilio_municipio_detenido,Municipio del domicilio del detenido,PERSONA (detenido),domicilio,Referencia SIPROB,Barandilla (SIPROB),,
IPH Faltas (Justicia Cívica),SECC.ANEXO A (PERSONA DETENIDA),,AA_domicilio_entidad_detenido,Entidad del domicilio del detenido,PERSONA (detenido),domicilio,Referencia SIPROB,Barandilla (SIPROB),,
IPH Faltas (Justicia Cívica),SECC.ANEXO A (PERSONA DETENIDA),,AA_domicilio_referencia_detenido,Datos de referencia que ayuden a ubicar el domicilio del detenido,PERSONA (detenido),domicilio,Referencia SIPROB,Barandilla (SIPROB),,
IPH Faltas (Justicia Cívica),SECC.ANEXO A (PERSONA DETENIDA),,AA_descripcion_detenido,"Campo para describir brevemente la persona detenida, incluyendo vestimenta y rasgos fisicos",DETENIDO,"condición al momento de la detención (descripción, lesiones, padecimiento, grupos)",Por definir,Por definir,"Dato sensible. ¿SIPROB ya lo captura? Si no, queda en PIMSy con acceso restringido.",Sí
IPH Faltas (Justicia Cívica),SECC.ANEXO A (PERSONA DETENIDA),,AA_lesiones_detenido,Especifica unicamente (Si / No) cuenta con lesiones,DETENIDO,"condición al momento de la detención (descripción, lesiones, padecimiento, grupos)",Por definir,Por definir,"Dato sensible. ¿SIPROB ya lo captura? Si no, queda en PIMSy con acceso restringido.",Sí
IPH Faltas (Justicia Cívica),SECC.ANEXO A (PERSONA DETENIDA),,AA_padecimiento_detenido,Especifica unicamente (Si / No) cuenta con algun padecimiento,DETENIDO,"condición al momento de la detención (descripción, lesiones, padecimiento, grupos)",Por definir,Por definir,"Dato sensible. ¿SIPROB ya lo captura? Si no, queda en PIMSy con acceso restringido.",Sí
IPH Faltas (Justicia Cívica),SECC.ANEXO A (PERSONA DETENIDA),,AA_tipo_padecimiento,Campo abierto que en caso de contar con padecimiento aqui ya se especifica cual padecimiento,DETENIDO,"condición al momento de la detención (descripción, lesiones, padecimiento, grupos)",Por definir,Por definir,"Dato sensible. ¿SIPROB ya lo captura? Si no, queda en PIMSy con acceso restringido.",Sí
IPH Faltas (Justicia Cívica),SECC.ANEXO A (PERSONA DETENIDA),,AA_grupo_vulnerable_detenido,Especifica unicamente (Si / No) pertenece a algun grupo vulnerable,DETENIDO,"condición al momento de la detención (descripción, lesiones, padecimiento, grupos)",Por definir,Por definir,"Dato sensible. ¿SIPROB ya lo captura? Si no, queda en PIMSy con acceso restringido.",Sí
IPH Faltas (Justicia Cívica),SECC.ANEXO A (PERSONA DETENIDA),,AA_cual_grupo_vulnerable,Campo abierto que en caso de pertencer a algun grupo vulnerable aqui ya se especifica cual,DETENIDO,"condición al momento de la detención (descripción, lesiones, padecimiento, grupos)",Por definir,Por definir,"Dato sensible. ¿SIPROB ya lo captura? Si no, queda en PIMSy con acceso restringido.",Sí
IPH Faltas (Justicia Cívica),SECC.ANEXO A (PERSONA DETENIDA),,AA_autoridad_traslado,Campo abierto para indicar a que autoridad administrativa se traslado a la persona detenida,DETENIDO,traslado (destino y observaciones),Captura propia,Policía,Sin entidad de traslado en la v1.0.,Sí
IPH Faltas (Justicia Cívica),SECC.ANEXO A (PERSONA DETENIDA),,PR_ap_empleado_realizo,Apellido paterno de elemento que es primer respondiente,AGENTE_INVOLUCRADO,rol: primer respondiente (repetición en anexo),Derivado de otro registro,Coordinación,"Este bloque se repite en cada anexo ""solo si es diferente a quien firmó"". Se captura una sola vez en el evento.",
IPH Faltas (Justicia Cívica),SECC.ANEXO A (PERSONA DETENIDA),,PR_am_empleado_realizo,Apellido materno de elemento que es primer respondiente,AGENTE_INVOLUCRADO,rol: primer respondiente (repetición en anexo),Derivado de otro registro,Coordinación,"Este bloque se repite en cada anexo ""solo si es diferente a quien firmó"". Se captura una sola vez en el evento.",
IPH Faltas (Justicia Cívica),SECC.ANEXO A (PERSONA DETENIDA),,PR_nombre_empleado_realizo,Nombre del elemento que es primer respondiente,AGENTE_INVOLUCRADO,rol: primer respondiente (repetición en anexo),Derivado de otro registro,Coordinación,"Este bloque se repite en cada anexo ""solo si es diferente a quien firmó"". Se captura una sola vez en el evento.",
IPH Faltas (Justicia Cívica),SECC.ANEXO A (PERSONA DETENIDA),,PR_institucion_pertenece,Seleccion de la institucion a la que pertenece el primer respondiente,AGENTE_INVOLUCRADO,rol: primer respondiente (repetición en anexo),Derivado de otro registro,Coordinación,"Este bloque se repite en cada anexo ""solo si es diferente a quien firmó"". Se captura una sola vez en el evento.",
IPH Faltas (Justicia Cívica),SECC.ANEXO A (PERSONA DETENIDA),,PR_cargo_empleado,Cargo de elemento que es primer respondiente,AGENTE_INVOLUCRADO,rol: primer respondiente (repetición en anexo),Derivado de otro registro,Coordinación,"Este bloque se repite en cada anexo ""solo si es diferente a quien firmó"". Se captura una sola vez en el evento.",
IPH Faltas (Justicia Cívica),SECC.ANEXO B (VEHICULOS),,AB_vehiculo,Dato numerico para indicar el vehiculo,VEHICULO,consecutivo,Calculado / autogenerado,Sistema,,
IPH Faltas (Justicia Cívica),SECC.ANEXO B (VEHICULOS),,AB_fecha_inspeccion,,VEHICULO,fecha y hora de inspección,Captura propia,Policía,"La v1.0 solo modela vehículos asegurados o resguardados, no inspeccionados.",Sí
IPH Faltas (Justicia Cívica),SECC.ANEXO B (VEHICULOS),,AB_hora_inspeccion,,VEHICULO,fecha y hora de inspección,Captura propia,Policía,"La v1.0 solo modela vehículos asegurados o resguardados, no inspeccionados.",Sí
IPH Faltas (Justicia Cívica),SECC.ANEXO B (VEHICULOS),,AB_tipo,Campo seleccion (Terrestre / Otro),VEHICULO,tipo de vehículo,Captura propia,Jurídico / apoyo IPH,Misma información que la del parte; capturar una sola vez.,
IPH Faltas (Justicia Cívica),SECC.ANEXO B (VEHICULOS),,AB_tipo_otro,En caso de seleccionar otro se indica en campo abierto que tipo de vehiculo es,VEHICULO,tipo de vehículo (otro),Captura propia,Jurídico / apoyo IPH,,
IPH Faltas (Justicia Cívica),SECC.ANEXO B (VEHICULOS),,AB_procedencia,Campo seleccion (Nacional / Extranjero),VEHICULO,procedencia (nacional / extranjero),Captura propia,Jurídico / apoyo IPH,,
IPH Faltas (Justicia Cívica),SECC.ANEXO B (VEHICULOS),,AB_marca_veh,,VEHICULO,marca / submarca / modelo / color,Captura propia,Jurídico / apoyo IPH,Misma información que el parte; capturar una sola vez.,
IPH Faltas (Justicia Cívica),SECC.ANEXO B (VEHICULOS),,AB_submarca_veh,,VEHICULO,marca / submarca / modelo / color,Captura propia,Jurídico / apoyo IPH,Misma información que el parte; capturar una sola vez.,
IPH Faltas (Justicia Cívica),SECC.ANEXO B (VEHICULOS),,AB_modelo_veh,,VEHICULO,marca / submarca / modelo / color,Captura propia,Jurídico / apoyo IPH,Misma información que el parte; capturar una sola vez.,
IPH Faltas (Justicia Cívica),SECC.ANEXO B (VEHICULOS),,AB_color_veh,,VEHICULO,marca / submarca / modelo / color,Captura propia,Jurídico / apoyo IPH,Misma información que el parte; capturar una sola vez.,
IPH Faltas (Justicia Cívica),SECC.ANEXO B (VEHICULOS),,AB_uso_veh,Campo de seleccion (Particular / Transporte publico / carga),VEHICULO,uso (particular / público / carga),Captura propia,Jurídico / apoyo IPH,,
IPH Faltas (Justicia Cívica),SECC.ANEXO B (VEHICULOS),,AB_plABa_veh,,VEHICULO,placas,Captura propia,Jurídico / apoyo IPH,Misma información que el parte.,
IPH Faltas (Justicia Cívica),SECC.ANEXO B (VEHICULOS),,AB_serie_veh,,VEHICULO,número de serie,Captura propia,Jurídico / apoyo IPH,,
IPH Faltas (Justicia Cívica),SECC.ANEXO B (VEHICULOS),,AB_observABiones,Campo abierto para indicar observaciones de la inspeccion del vehiculo,VEHICULO,observaciones de la inspección,Captura propia,Jurídico / apoyo IPH,,
IPH Faltas (Justicia Cívica),SECC.ANEXO B (VEHICULOS),,AB_destino,Campo abierto para indicar si el vehiculo sera trasladado y a donde,VEHICULO,destino / lugar de depósito,Captura propia,Jurídico / apoyo IPH,Equivale al lugar de depósito del parte.,
IPH Faltas (Justicia Cívica),SECC.ANEXO B (VEHICULOS),,PR_ap_empleado_realizo,Apellido paterno de elemento que es primer respondiente,AGENTE_INVOLUCRADO,rol: primer respondiente (repetición en anexo),Derivado de otro registro,Coordinación,"Este bloque se repite en cada anexo ""solo si es diferente a quien firmó"". Se captura una sola vez en el evento.",
IPH Faltas (Justicia Cívica),SECC.ANEXO B (VEHICULOS),,PR_am_empleado_realizo,Apellido materno de elemento que es primer respondiente,AGENTE_INVOLUCRADO,rol: primer respondiente (repetición en anexo),Derivado de otro registro,Coordinación,"Este bloque se repite en cada anexo ""solo si es diferente a quien firmó"". Se captura una sola vez en el evento.",
IPH Faltas (Justicia Cívica),SECC.ANEXO B (VEHICULOS),,PR_nombre_empleado_realizo,Nombre del elemento que es primer respondiente,AGENTE_INVOLUCRADO,rol: primer respondiente (repetición en anexo),Derivado de otro registro,Coordinación,"Este bloque se repite en cada anexo ""solo si es diferente a quien firmó"". Se captura una sola vez en el evento.",
IPH Faltas (Justicia Cívica),SECC.ANEXO B (VEHICULOS),,PR_institucion_pertenece,Seleccion de la institucion a la que pertenece el primer respondiente,AGENTE_INVOLUCRADO,rol: primer respondiente (repetición en anexo),Derivado de otro registro,Coordinación,"Este bloque se repite en cada anexo ""solo si es diferente a quien firmó"". Se captura una sola vez en el evento.",
IPH Faltas (Justicia Cívica),SECC.ANEXO B (VEHICULOS),,PR_cargo_empleado,Cargo de elemento que es primer respondiente,AGENTE_INVOLUCRADO,rol: primer respondiente (repetición en anexo),Derivado de otro registro,Coordinación,"Este bloque se repite en cada anexo ""solo si es diferente a quien firmó"". Se captura una sola vez en el evento.",
IPH Faltas (Justicia Cívica),SECC.ANEXO (USO DE LA FUERZA),,AUF_lesionados_autoridad,Indica si hay autoridades lesionadas,USO_FUERZA,indicador de lesionados / fallecidos,Calculado / autogenerado,Sistema,Se deduce de la cantidad capturada.,
IPH Faltas (Justicia Cívica),SECC.ANEXO (USO DE LA FUERZA),,AUF_cant_lesionados_autoridad,Se indica la cantidad de autoridades lesionadas,USO_FUERZA,cantidad de lesionados / fallecidos,Captura propia,Policía,Ya se captura en el informe de uso de la fuerza.,Sí
IPH Faltas (Justicia Cívica),SECC.ANEXO (USO DE LA FUERZA),,AUF_lesionados_personas,Indica si hay personas lesionadas,USO_FUERZA,indicador de lesionados / fallecidos,Calculado / autogenerado,Sistema,Se deduce de la cantidad capturada.,
IPH Faltas (Justicia Cívica),SECC.ANEXO (USO DE LA FUERZA),,AUF_cant_lesionados_personas,Se indica la cantidad de personas lesionadas,USO_FUERZA,cantidad de lesionados / fallecidos,Captura propia,Policía,Ya se captura en el informe de uso de la fuerza.,Sí
IPH Faltas (Justicia Cívica),SECC.ANEXO (USO DE LA FUERZA),,AUF_fallecidos_autoridad,Indica si hay autoridades fallecidas,USO_FUERZA,indicador de lesionados / fallecidos,Calculado / autogenerado,Sistema,Se deduce de la cantidad capturada.,
IPH Faltas (Justicia Cívica),SECC.ANEXO (USO DE LA FUERZA),,AUF_cant_fallecidos_autoridad,Se indica la cantidad de autoridades fallecidas,USO_FUERZA,cantidad de lesionados / fallecidos,Captura propia,Policía,Ya se captura en el informe de uso de la fuerza.,Sí
IPH Faltas (Justicia Cívica),SECC.ANEXO (USO DE LA FUERZA),,AUF_fallecidos_personas,Indica si hay personas fallecidas,USO_FUERZA,indicador de lesionados / fallecidos,Calculado / autogenerado,Sistema,Se deduce de la cantidad capturada.,
IPH Faltas (Justicia Cívica),SECC.ANEXO (USO DE LA FUERZA),,AUF_cant_fallecidos_personas,Se indica la cantidad de personas fallecidas,USO_FUERZA,cantidad de lesionados / fallecidos,Captura propia,Policía,Ya se captura en el informe de uso de la fuerza.,Sí
IPH Faltas (Justicia Cívica),SECC.ANEXO (USO DE LA FUERZA),,AUF_tipo_uso_fuerza,Seleccion segun corresponda (Reduccion fisica de movimientos / Utilizacion de arma incapacitante / Utilizacion de arma de fuego),USO_FUERZA,nivel / tipo de uso de la fuerza,Derivado de otro registro,Policía,Se toma del informe de uso de la fuerza.,
IPH Faltas (Justicia Cívica),SECC.ANEXO (USO DE LA FUERZA),,AUF_descripcion,Campo abierto para describir las conductas que motivaron al uso de la fuerza,USO_FUERZA,descripción y asistencia médica,Derivado de otro registro,Policía,Se toma del informe de uso de la fuerza.,
IPH Faltas (Justicia Cívica),SECC.ANEXO (USO DE LA FUERZA),,AUF_asistencia_medica,Indica (SI / NO) se solicito asistencia medica,USO_FUERZA,descripción y asistencia médica,Derivado de otro registro,Policía,Se toma del informe de uso de la fuerza.,
IPH Faltas (Justicia Cívica),SECC.ANEXO (USO DE LA FUERZA),,AUF_descripcion_am,"Campo abierto para explicar porque se brindo o solicito la asistencia medica, en su defecto pudiera se tambien porque no se realizo",USO_FUERZA,descripción y asistencia médica,Derivado de otro registro,Policía,Se toma del informe de uso de la fuerza.,
IPH Faltas (Justicia Cívica),SECC.ANEXO (USO DE LA FUERZA),,PR_no_empleado,Campo para busqueda por numero de empleado o nombre,AGENTE_INVOLUCRADO,rol: primer respondiente (repetición en anexo),Derivado de otro registro,Coordinación,"Este bloque se repite en cada anexo ""solo si es diferente a quien firmó"". Se captura una sola vez en el evento.",
IPH Faltas (Justicia Cívica),SECC.ANEXO (USO DE LA FUERZA),,PR_nombre_empleado_realizo,,AGENTE_INVOLUCRADO,rol: primer respondiente (repetición en anexo),Derivado de otro registro,Coordinación,"Este bloque se repite en cada anexo ""solo si es diferente a quien firmó"". Se captura una sola vez en el evento.",
IPH Faltas (Justicia Cívica),SECC.ANEXO (USO DE LA FUERZA),,PR_ap_empleado_realizo,,AGENTE_INVOLUCRADO,rol: primer respondiente (repetición en anexo),Derivado de otro registro,Coordinación,"Este bloque se repite en cada anexo ""solo si es diferente a quien firmó"". Se captura una sola vez en el evento.",
IPH Faltas (Justicia Cívica),SECC.ANEXO (USO DE LA FUERZA),,PR_am_empleado_realizo,,AGENTE_INVOLUCRADO,rol: primer respondiente (repetición en anexo),Derivado de otro registro,Coordinación,"Este bloque se repite en cada anexo ""solo si es diferente a quien firmó"". Se captura una sola vez en el evento.",
IPH Faltas (Justicia Cívica),SECC.ANEXO (USO DE LA FUERZA),,PR_cargo_empleado,,AGENTE_INVOLUCRADO,rol: primer respondiente (repetición en anexo),Derivado de otro registro,Coordinación,"Este bloque se repite en cada anexo ""solo si es diferente a quien firmó"". Se captura una sola vez en el evento.",
IPH Faltas (Justicia Cívica),SECC.ANEXO (USO DE LA FUERZA),,PR_institucion_pertenece,,AGENTE_INVOLUCRADO,rol: primer respondiente (repetición en anexo),Derivado de otro registro,Coordinación,"Este bloque se repite en cada anexo ""solo si es diferente a quien firmó"". Se captura una sola vez en el evento.",
IPH Faltas (Justicia Cívica),SECC.ANEXO (INVENTARIO ARMAS Y OBJETOS),,AIAO_id_arma,,ASEGURAMIENTO,consecutivo del bien,Calculado / autogenerado,Sistema,,
IPH Faltas (Justicia Cívica),SECC.ANEXO (INVENTARIO ARMAS Y OBJETOS),,AIAO_aportacion_inspeccion_arma,Campo de seleccion (Aportacion / Lugar / Persona / Vehiculo),ASEGURAMIENTO,procedencia del hallazgo (aportación / lugar / persona / vehículo),Captura propia,Jurídico / apoyo IPH,No existe en la v1.0.,Sí
IPH Faltas (Justicia Cívica),SECC.ANEXO (INVENTARIO ARMAS Y OBJETOS),,AIAO_ubicacion_arma,,ASEGURAMIENTO,ubicación del hallazgo,Captura propia,Jurídico / apoyo IPH,No existe en la v1.0.,
IPH Faltas (Justicia Cívica),SECC.ANEXO (INVENTARIO ARMAS Y OBJETOS),,AIAO_tipo_arma,Campo de seleccion (Corta / Larga),ARMA,tipo (corta / larga),Captura propia,Jurídico / apoyo IPH,Catálogo distinto al del parte.,Sí
IPH Faltas (Justicia Cívica),SECC.ANEXO (INVENTARIO ARMAS Y OBJETOS),,AIAO_calibre_arma,,ARMA,calibre / color / matrícula / serie,Captura propia,Jurídico / apoyo IPH,,
IPH Faltas (Justicia Cívica),SECC.ANEXO (INVENTARIO ARMAS Y OBJETOS),,AIAO_color_arma,,ARMA,calibre / color / matrícula / serie,Captura propia,Jurídico / apoyo IPH,,
IPH Faltas (Justicia Cívica),SECC.ANEXO (INVENTARIO ARMAS Y OBJETOS),,AIAO_Matricula_arma,,ARMA,calibre / color / matrícula / serie,Captura propia,Jurídico / apoyo IPH,,
IPH Faltas (Justicia Cívica),SECC.ANEXO (INVENTARIO ARMAS Y OBJETOS),,AIAO_serie_arma,,ARMA,calibre / color / matrícula / serie,Captura propia,Jurídico / apoyo IPH,,
IPH Faltas (Justicia Cívica),SECC.ANEXO (INVENTARIO ARMAS Y OBJETOS),,AIAO_observaciones_arma,,ARMA,observaciones y destino,Captura propia,Jurídico / apoyo IPH,,
IPH Faltas (Justicia Cívica),SECC.ANEXO (INVENTARIO ARMAS Y OBJETOS),,AIAO_destino_arma,,ARMA,observaciones y destino,Captura propia,Jurídico / apoyo IPH,,
IPH Faltas (Justicia Cívica),SECC.ANEXO (INVENTARIO ARMAS Y OBJETOS),,AIAO_ap_aseguro_arma,,AGENTE_INVOLUCRADO,rol: asegura el bien,Snapshot de agente (MongoDB),Coordinación,Se selecciona de los agentes del evento.,
IPH Faltas (Justicia Cívica),SECC.ANEXO (INVENTARIO ARMAS Y OBJETOS),,AIAO_am_aseguro_arma,,AGENTE_INVOLUCRADO,rol: asegura el bien,Snapshot de agente (MongoDB),Coordinación,Se selecciona de los agentes del evento.,
IPH Faltas (Justicia Cívica),SECC.ANEXO (INVENTARIO ARMAS Y OBJETOS),,AIAO_nombre_aseguro_arma,,AGENTE_INVOLUCRADO,rol: asegura el bien,Snapshot de agente (MongoDB),Coordinación,Se selecciona de los agentes del evento.,
IPH Faltas (Justicia Cívica),SECC.ANEXO (INVENTARIO ARMAS Y OBJETOS),,AIAO_ap_testigo1_arma,,TESTIGO,testigo del aseguramiento (hasta 2 por bien),Por definir,Por definir,No existe en la v1.0. ¿Persona maestra o dato libre?,Sí
IPH Faltas (Justicia Cívica),SECC.ANEXO (INVENTARIO ARMAS Y OBJETOS),,AIAO_am_testigo1_arma,,TESTIGO,testigo del aseguramiento (hasta 2 por bien),Por definir,Por definir,No existe en la v1.0. ¿Persona maestra o dato libre?,Sí
IPH Faltas (Justicia Cívica),SECC.ANEXO (INVENTARIO ARMAS Y OBJETOS),,AIAO_nombre_testigo1_arma,,TESTIGO,testigo del aseguramiento (hasta 2 por bien),Por definir,Por definir,No existe en la v1.0. ¿Persona maestra o dato libre?,Sí
IPH Faltas (Justicia Cívica),SECC.ANEXO (INVENTARIO ARMAS Y OBJETOS),,AIAO_ap_testigo2_arma,,TESTIGO,testigo del aseguramiento (hasta 2 por bien),Por definir,Por definir,No existe en la v1.0. ¿Persona maestra o dato libre?,Sí
IPH Faltas (Justicia Cívica),SECC.ANEXO (INVENTARIO ARMAS Y OBJETOS),,AIAO_am_testigo2_arma,,TESTIGO,testigo del aseguramiento (hasta 2 por bien),Por definir,Por definir,No existe en la v1.0. ¿Persona maestra o dato libre?,Sí
IPH Faltas (Justicia Cívica),SECC.ANEXO (INVENTARIO ARMAS Y OBJETOS),,AIAO_nombre_testigo2_arma,,TESTIGO,testigo del aseguramiento (hasta 2 por bien),Por definir,Por definir,No existe en la v1.0. ¿Persona maestra o dato libre?,Sí
IPH Faltas (Justicia Cívica),SECC.ANEXO (INVENTARIO ARMAS Y OBJETOS),,AIAO_id_sustancia,,ASEGURAMIENTO,consecutivo del bien,Calculado / autogenerado,Sistema,,
IPH Faltas (Justicia Cívica),SECC.ANEXO (INVENTARIO ARMAS Y OBJETOS),,AIAO_sustancia,Campo de seleccion (Narcotico / Hidrocarburo / Numerario / Otro),SUSTANCIA,tipo y descripción,Captura propia,Jurídico / apoyo IPH,"El IPH incluye ""numerario"" (dinero) como sustancia.",Sí
IPH Faltas (Justicia Cívica),SECC.ANEXO (INVENTARIO ARMAS Y OBJETOS),,AIAO_sustancia_otro,Campo abierto para especificar otro tipo de sustancia no contemplada en AD_sustancia,SUSTANCIA,tipo y descripción,Captura propia,Jurídico / apoyo IPH,"El IPH incluye ""numerario"" (dinero) como sustancia.",Sí
IPH Faltas (Justicia Cívica),SECC.ANEXO (INVENTARIO ARMAS Y OBJETOS),,AIAO_aportacion_inspeccion_sustancia,Campo de seleccion (Aportacion / Lugar / Persona / Vehiculo),ASEGURAMIENTO,procedencia del hallazgo (aportación / lugar / persona / vehículo),Captura propia,Jurídico / apoyo IPH,No existe en la v1.0.,Sí
IPH Faltas (Justicia Cívica),SECC.ANEXO (INVENTARIO ARMAS Y OBJETOS),,AIAO_ubicacion_sustancia,,ASEGURAMIENTO,ubicación del hallazgo,Captura propia,Jurídico / apoyo IPH,No existe en la v1.0.,
IPH Faltas (Justicia Cívica),SECC.ANEXO (INVENTARIO ARMAS Y OBJETOS),,AIAO_descripcion_sustancia,Campo abierto para ingresar una breve descripcion de la sustancia,SUSTANCIA,tipo y descripción,Captura propia,Jurídico / apoyo IPH,"El IPH incluye ""numerario"" (dinero) como sustancia.",Sí
IPH Faltas (Justicia Cívica),SECC.ANEXO (INVENTARIO ARMAS Y OBJETOS),,AIAO_destino_sustancia,Campo abierto para ingresar el destino de la sustancia,SUSTANCIA,destino,Captura propia,Jurídico / apoyo IPH,,
IPH Faltas (Justicia Cívica),SECC.ANEXO (INVENTARIO ARMAS Y OBJETOS),,AIAO_ap_aseguro_sustancia,,AGENTE_INVOLUCRADO,rol: asegura el bien,Snapshot de agente (MongoDB),Coordinación,Se selecciona de los agentes del evento.,
IPH Faltas (Justicia Cívica),SECC.ANEXO (INVENTARIO ARMAS Y OBJETOS),,AIAO_am_aseguro_sustancia,,AGENTE_INVOLUCRADO,rol: asegura el bien,Snapshot de agente (MongoDB),Coordinación,Se selecciona de los agentes del evento.,
IPH Faltas (Justicia Cívica),SECC.ANEXO (INVENTARIO ARMAS Y OBJETOS),,AIAO_nombre_aseguro_sustancia,,AGENTE_INVOLUCRADO,rol: asegura el bien,Snapshot de agente (MongoDB),Coordinación,Se selecciona de los agentes del evento.,
IPH Faltas (Justicia Cívica),SECC.ANEXO (INVENTARIO ARMAS Y OBJETOS),,AIAO_ap_testigo1_sustancia,,TESTIGO,testigo del aseguramiento (hasta 2 por bien),Por definir,Por definir,No existe en la v1.0. ¿Persona maestra o dato libre?,Sí
IPH Faltas (Justicia Cívica),SECC.ANEXO (INVENTARIO ARMAS Y OBJETOS),,AIAO_am_testigo1_sustancia,,TESTIGO,testigo del aseguramiento (hasta 2 por bien),Por definir,Por definir,No existe en la v1.0. ¿Persona maestra o dato libre?,Sí
IPH Faltas (Justicia Cívica),SECC.ANEXO (INVENTARIO ARMAS Y OBJETOS),,AIAO_nombre_testigo1_sustancia,,TESTIGO,testigo del aseguramiento (hasta 2 por bien),Por definir,Por definir,No existe en la v1.0. ¿Persona maestra o dato libre?,Sí
IPH Faltas (Justicia Cívica),SECC.ANEXO (INVENTARIO ARMAS Y OBJETOS),,AIAO_ap_testigo2_sustancia,,TESTIGO,testigo del aseguramiento (hasta 2 por bien),Por definir,Por definir,No existe en la v1.0. ¿Persona maestra o dato libre?,Sí
IPH Faltas (Justicia Cívica),SECC.ANEXO (INVENTARIO ARMAS Y OBJETOS),,AIAO_am_testigo2_sustancia,,TESTIGO,testigo del aseguramiento (hasta 2 por bien),Por definir,Por definir,No existe en la v1.0. ¿Persona maestra o dato libre?,Sí
IPH Faltas (Justicia Cívica),SECC.ANEXO (INVENTARIO ARMAS Y OBJETOS),,AIAO_nombre_testigo2_sustancia,,TESTIGO,testigo del aseguramiento (hasta 2 por bien),Por definir,Por definir,No existe en la v1.0. ¿Persona maestra o dato libre?,Sí
IPH Faltas (Justicia Cívica),SECC.ANEXO (INVENTARIO ARMAS Y OBJETOS),,AIAO_id_objeto,,ASEGURAMIENTO,consecutivo del bien,Calculado / autogenerado,Sistema,,
IPH Faltas (Justicia Cívica),SECC.ANEXO (INVENTARIO ARMAS Y OBJETOS),,AIAO_objeto,,OBJETO,"tipo, descripción y destino",Captura propia,Jurídico / apoyo IPH,,
IPH Faltas (Justicia Cívica),SECC.ANEXO (INVENTARIO ARMAS Y OBJETOS),,AIAO_objeto_otro,,OBJETO,"tipo, descripción y destino",Captura propia,Jurídico / apoyo IPH,,
IPH Faltas (Justicia Cívica),SECC.ANEXO (INVENTARIO ARMAS Y OBJETOS),,AIAO_aportacion_inspeccion_objeto,,ASEGURAMIENTO,procedencia del hallazgo (aportación / lugar / persona / vehículo),Captura propia,Jurídico / apoyo IPH,No existe en la v1.0.,Sí
IPH Faltas (Justicia Cívica),SECC.ANEXO (INVENTARIO ARMAS Y OBJETOS),,AIAO_ubicacion_objeto,,ASEGURAMIENTO,ubicación del hallazgo,Captura propia,Jurídico / apoyo IPH,No existe en la v1.0.,
IPH Faltas (Justicia Cívica),SECC.ANEXO (INVENTARIO ARMAS Y OBJETOS),,AIAO_descripcion_objeto,,OBJETO,"tipo, descripción y destino",Captura propia,Jurídico / apoyo IPH,,
IPH Faltas (Justicia Cívica),SECC.ANEXO (INVENTARIO ARMAS Y OBJETOS),,AIAO_destino_objeto,,OBJETO,"tipo, descripción y destino",Captura propia,Jurídico / apoyo IPH,,
IPH Faltas (Justicia Cívica),SECC.ANEXO (INVENTARIO ARMAS Y OBJETOS),,AIAO_ap_aseguro_objeto,,AGENTE_INVOLUCRADO,rol: asegura el bien,Snapshot de agente (MongoDB),Coordinación,Se selecciona de los agentes del evento.,
IPH Faltas (Justicia Cívica),SECC.ANEXO (INVENTARIO ARMAS Y OBJETOS),,AIAO_am_aseguro_objeto,,AGENTE_INVOLUCRADO,rol: asegura el bien,Snapshot de agente (MongoDB),Coordinación,Se selecciona de los agentes del evento.,
IPH Faltas (Justicia Cívica),SECC.ANEXO (INVENTARIO ARMAS Y OBJETOS),,AIAO_nombre_aseguro_objeto,,AGENTE_INVOLUCRADO,rol: asegura el bien,Snapshot de agente (MongoDB),Coordinación,Se selecciona de los agentes del evento.,
IPH Faltas (Justicia Cívica),SECC.ANEXO (INVENTARIO ARMAS Y OBJETOS),,AIAO_ap_testigo1_objeto,,TESTIGO,testigo del aseguramiento (hasta 2 por bien),Por definir,Por definir,No existe en la v1.0. ¿Persona maestra o dato libre?,Sí
IPH Faltas (Justicia Cívica),SECC.ANEXO (INVENTARIO ARMAS Y OBJETOS),,AIAO_am_testigo1_objeto,,TESTIGO,testigo del aseguramiento (hasta 2 por bien),Por definir,Por definir,No existe en la v1.0. ¿Persona maestra o dato libre?,Sí
IPH Faltas (Justicia Cívica),SECC.ANEXO (INVENTARIO ARMAS Y OBJETOS),,AIAO_nombre_testigo1_objeto,,TESTIGO,testigo del aseguramiento (hasta 2 por bien),Por definir,Por definir,No existe en la v1.0. ¿Persona maestra o dato libre?,Sí
IPH Faltas (Justicia Cívica),SECC.ANEXO (INVENTARIO ARMAS Y OBJETOS),,AIAO_ap_testigo2_objeto,,TESTIGO,testigo del aseguramiento (hasta 2 por bien),Por definir,Por definir,No existe en la v1.0. ¿Persona maestra o dato libre?,Sí
IPH Faltas (Justicia Cívica),SECC.ANEXO (INVENTARIO ARMAS Y OBJETOS),,AIAO_am_testigo2_objeto,,TESTIGO,testigo del aseguramiento (hasta 2 por bien),Por definir,Por definir,No existe en la v1.0. ¿Persona maestra o dato libre?,Sí
IPH Faltas (Justicia Cívica),SECC.ANEXO (INVENTARIO ARMAS Y OBJETOS),,AIAO_nombre_testigo2_objeto,,TESTIGO,testigo del aseguramiento (hasta 2 por bien),Por definir,Por definir,No existe en la v1.0. ¿Persona maestra o dato libre?,Sí
IPH Faltas (Justicia Cívica),SECC.ANEXO (RECORRIDO),,AR_traslado,Campo de seleccion (Fiscalia / Hospital / Otra dependencia),DETENIDO,traslado (destino y observaciones),Captura propia,Policía,Mismo concepto que el traslado del anexo A.,Sí
IPH Faltas (Justicia Cívica),SECC.ANEXO (RECORRIDO),,AR_traslado_otro,Campo abierto para agregar la dependencia o lugar de traslado si se selecciono Otra dependencia,DETENIDO,traslado (destino y observaciones),Captura propia,Policía,Mismo concepto que el traslado del anexo A.,Sí
IPH Faltas (Justicia Cívica),SECC.ANEXO (RECORRIDO),,AR_observaciones,Observaciones relacionadas a la detencion,DETENIDO,traslado (destino y observaciones),Captura propia,Policía,Mismo concepto que el traslado del anexo A.,Sí
IPH Faltas (Justicia Cívica),SECC.ANEXO (RECORRIDO),,PR_ap_empleado_realizo,,AGENTE_INVOLUCRADO,rol: primer respondiente (repetición en anexo),Derivado de otro registro,Coordinación,"Este bloque se repite en cada anexo ""solo si es diferente a quien firmó"". Se captura una sola vez en el evento.",
IPH Faltas (Justicia Cívica),SECC.ANEXO (RECORRIDO),,PR_am_empleado_realizo,,AGENTE_INVOLUCRADO,rol: primer respondiente (repetición en anexo),Derivado de otro registro,Coordinación,"Este bloque se repite en cada anexo ""solo si es diferente a quien firmó"". Se captura una sola vez en el evento.",
IPH Faltas (Justicia Cívica),SECC.ANEXO (RECORRIDO),,PR_nombre_empleado_realizo,,AGENTE_INVOLUCRADO,rol: primer respondiente (repetición en anexo),Derivado de otro registro,Coordinación,"Este bloque se repite en cada anexo ""solo si es diferente a quien firmó"". Se captura una sola vez en el evento.",
IPH Faltas (Justicia Cívica),SECC.ANEXO (RECORRIDO),,PR_institucion_pertenece,,AGENTE_INVOLUCRADO,rol: primer respondiente (repetición en anexo),Derivado de otro registro,Coordinación,"Este bloque se repite en cada anexo ""solo si es diferente a quien firmó"". Se captura una sola vez en el evento.",
IPH Faltas (Justicia Cívica),SECC.ANEXO (RECORRIDO),,PR_cargo_empleado,,AGENTE_INVOLUCRADO,rol: primer respondiente (repetición en anexo),Derivado de otro registro,Coordinación,"Este bloque se repite en cada anexo ""solo si es diferente a quien firmó"". Se captura una sola vez en el evento.",
